data_type,tree_type,model,tree,backend,run,walltime,cputime,log_likelihood,tree_length,opt_time
AA,unrooted,LG,tree_1,OPENACC,4,31.015,30.664,-88901422.374,19.949,28.132
AA,unrooted,LG,tree_1,VANILA,8,291.329,284.498,-88901422.374,19.949,288.311
AA,unrooted,LG,tree_1,VANILA,6,284.223,277.14,-88901422.374,19.949,281.315
AA,unrooted,LG,tree_1,OMP_48,1,14.57,583.705,-88901422.374,19.949,13.352
AA,unrooted,LG,tree_1,OPENACC,5,31.979,31.542,-88901422.374,19.949,28.886
AA,unrooted,LG,tree_1,OMP_10,3,38.37,365.734,-88901422.374,19.949,37.111
AA,unrooted,LG,tree_1,OMP_48,6,20.414,663.648,-88901422.374,19.949,18.994
AA,unrooted,LG,tree_1,OMP_10,4,39.417,376.06,-88901422.374,19.949,38.114
AA,unrooted,LG,tree_1,VANILA,5,286.372,279.244,-88901422.374,19.949,283.427
AA,unrooted,LG,tree_1,OPENACC,7,30.761,30.408,-88901422.374,19.949,27.893
AA,unrooted,LG,tree_1,OPENACC,9,30.743,30.251,-88901422.374,19.949,27.771
AA,unrooted,LG,tree_1,OMP_48,9,15.165,591.63,-88901422.374,19.949,13.942
AA,unrooted,LG,tree_1,OPENACC,6,31.644,31.267,-88901422.374,19.949,28.671
AA,unrooted,LG,tree_1,OPENACC,8,30.432,30.084,-88901422.374,19.949,27.643
AA,unrooted,LG,tree_1,OMP_10,10,38.403,365.935,-88901422.374,19.949,37.144
AA,unrooted,LG,tree_1,OMP_10,2,67.275,428.673,-88901422.374,19.949,65.192
AA,unrooted,LG,tree_1,VANILA,3,281.718,274.894,-88901422.374,19.949,278.752
AA,unrooted,LG,tree_1,OPENACC,1,30.905,30.57,-88901422.374,19.949,28.019
AA,unrooted,LG,tree_1,OPENACC,10,30.827,30.457,-88901422.374,19.949,27.935
AA,unrooted,LG,tree_1,OMP_48,8,14.853,603.176,-88901422.374,19.949,13.492
AA,unrooted,LG,tree_1,OPENACC,3,31.215,30.846,-88901422.374,19.949,28.33
AA,unrooted,LG,tree_1,OPENACC,2,30.629,30.247,-88901422.374,19.949,27.767
AA,unrooted,LG,tree_1,OMP_10,5,38.656,350.381,-88901422.374,19.949,37.327
AA,unrooted,LG,tree_1,OMP_48,7,15.413,626.363,-88901422.374,19.949,13.978
AA,unrooted,LG,tree_1,OMP_48,10,14.285,588.005,-88901422.374,19.949,12.916
AA,unrooted,LG,tree_1,OPENACC,3,30.746,30.382,-88901422.374,19.949,27.876
AA,unrooted,LG,tree_1,VANILA,1,276.523,269.771,-88901422.374,19.949,273.691
AA,unrooted,LG,tree_1,OMP_10,6,37.493,345.833,-88901422.374,19.949,36.24
AA,unrooted,LG,tree_1,OPENACC,2,32.29,31.866,-88901422.374,19.949,29.171
AA,unrooted,LG,tree_1,OMP_48,4,16.217,577.638,-88901422.374,19.949,13.184
AA,unrooted,LG,tree_1,OMP_10,9,38.319,365.443,-88901422.374,19.949,37.09
AA,unrooted,LG,tree_1,OMP_10,1,38.61,368.619,-88901422.374,19.949,37.367
AA,unrooted,LG,tree_1,OMP_48,3,14.121,578.844,-88901422.374,19.949,12.678
AA,unrooted,LG,tree_1,VANILA,2,284.46,277.61,-88901422.374,19.949,281.471
AA,unrooted,LG,tree_1,OPENACC,1,30.909,30.529,-88901422.374,19.949,27.989
AA,unrooted,LG,tree_1,OMP_10,8,36.304,333.871,-88901422.374,19.949,35.054
AA,unrooted,LG,tree_1,OMP_48,5,18.564,630.743,-88901422.374,19.949,17.183
AA,unrooted,LG,tree_1,OPENACC,9,30.551,30.206,-88901422.374,19.949,27.744
AA,unrooted,LG,tree_1,OPENACC,7,30.818,30.444,-88901422.374,19.949,27.939
AA,unrooted,LG,tree_1,OMP_10,7,38.356,365.322,-88901422.374,19.949,37.115
AA,unrooted,LG,tree_1,VANILA,4,285.185,278.647,-88901422.374,19.949,282.157
AA,unrooted,LG,tree_1,VANILA,10,282.798,276.389,-88901422.374,19.949,279.944
AA,unrooted,LG,tree_1,OPENACC,8,31.903,31.487,-88901422.374,19.949,28.866
AA,unrooted,LG,tree_1,OPENACC,6,32.119,31.721,-88901422.374,19.949,29.048
AA,unrooted,LG,tree_1,OPENACC,4,31.099,30.681,-88901422.374,19.949,28.21
AA,unrooted,LG,tree_1,OPENACC,5,31.616,31.254,-88901422.374,19.949,28.649
AA,unrooted,LG,tree_1,VANILA,7,281.219,274.13,-88901422.374,19.949,278.094
AA,unrooted,LG,tree_1,VANILA,9,291.16,284.376,-88901422.374,19.949,288.233
AA,unrooted,LG,tree_1,OMP_48,2,13.975,581.843,-88901422.374,19.949,12.619
AA,unrooted,LG,tree_1,OPENACC,10,30.313,29.965,-88901422.374,19.949,27.523
AA,unrooted,LG,tree_10,OMP_48,8,14.911,607.887,-86714228.485,19.208,13.499
AA,unrooted,LG,tree_10,OMP_48,10,14.778,604.025,-86714228.485,19.208,13.338
AA,unrooted,LG,tree_10,OMP_48,2,14.853,607.484,-86714228.485,19.208,13.44
AA,unrooted,LG,tree_10,OMP_48,4,14.192,578.773,-86714228.485,19.208,12.709
AA,unrooted,LG,tree_10,OMP_10,2,39.915,359.601,-86714228.485,19.208,38.185
AA,unrooted,LG,tree_10,OMP_10,4,39.82,379.504,-86714228.485,19.208,38.545
AA,unrooted,LG,tree_10,OMP_10,8,37.073,337.883,-86714228.485,19.208,35.756
AA,unrooted,LG,tree_10,OMP_48,9,15.206,617.397,-86714228.485,19.208,13.741
AA,unrooted,LG,tree_10,OMP_48,5,17.178,623.24,-86714228.485,19.208,14.579
AA,unrooted,LG,tree_10,OMP_48,3,17.8,622.39,-86714228.485,19.208,16.456
AA,unrooted,LG,tree_10,OMP_10,5,35.728,327.96,-86714228.485,19.208,34.515
AA,unrooted,LG,tree_10,OMP_10,3,38.058,363.066,-86714228.485,19.208,36.838
AA,unrooted,LG,tree_10,OMP_10,9,38.355,364.685,-86714228.485,19.208,37.102
AA,unrooted,LG,tree_10,OMP_48,6,19.722,673.613,-86714228.485,19.208,18.343
AA,unrooted,LG,tree_10,OMP_10,10,38.422,365.875,-86714228.485,19.208,37.18
AA,unrooted,LG,tree_10,OMP_10,6,60.973,401.914,-86714228.485,19.208,59.613
AA,unrooted,LG,tree_10,OMP_48,7,19.436,647.328,-86714228.485,19.208,18.06
AA,unrooted,LG,tree_10,OMP_48,1,18.123,637.409,-86714228.485,19.208,16.807
AA,unrooted,LG,tree_10,OMP_10,7,38.159,364.041,-86714228.485,19.208,36.912
AA,unrooted,LG,tree_10,OMP_10,1,38.309,365.436,-86714228.485,19.208,37.065
AA,unrooted,LG,tree_2,OPENACC,1,24.07,23.695,-90504713.177,20.312,21.205
AA,unrooted,LG,tree_2,OMP_10,4,30.583,288.504,-90504713.177,20.312,29.308
AA,unrooted,LG,tree_2,VANILA,2,219.924,213.314,-90504713.177,20.312,217.055
AA,unrooted,LG,tree_2,OMP_48,9,11.555,459.643,-90504713.177,20.312,10.044
AA,unrooted,LG,tree_2,OMP_48,6,11.418,445.763,-90504713.177,20.312,10.183
AA,unrooted,LG,tree_2,OMP_10,3,29.796,281.026,-90504713.177,20.312,28.539
AA,unrooted,LG,tree_2,OPENACC,2,24.798,24.413,-90504713.177,20.312,21.77
AA,unrooted,LG,tree_2,OPENACC,3,23.963,23.589,-90504713.177,20.312,21.077
AA,unrooted,LG,tree_2,VANILA,1,212.665,206.366,-90504713.177,20.312,209.917
AA,unrooted,LG,tree_2,OMP_48,1,11.656,452.497,-90504713.177,20.312,10.45
AA,unrooted,LG,tree_2,OMP_48,10,13.348,468.661,-90504713.177,20.312,12.122
AA,unrooted,LG,tree_2,OPENACC,10,23.594,23.241,-90504713.177,20.312,20.83
AA,unrooted,LG,tree_2,OMP_48,7,11.589,450.793,-90504713.177,20.312,10.353
AA,unrooted,LG,tree_2,OMP_48,8,15.711,500.071,-90504713.177,20.312,14.346
AA,unrooted,LG,tree_2,OPENACC,5,24.266,23.9,-90504713.177,20.312,21.361
AA,unrooted,LG,tree_2,VANILA,9,220.888,214.38,-90504713.177,20.312,217.78
AA,unrooted,LG,tree_2,VANILA,7,214.832,208.16,-90504713.177,20.312,211.446
AA,unrooted,LG,tree_2,OMP_10,5,29.829,268.154,-90504713.177,20.312,28.544
AA,unrooted,LG,tree_2,OPENACC,4,24.174,23.823,-90504713.177,20.312,21.258
AA,unrooted,LG,tree_2,VANILA,10,216.488,210.304,-90504713.177,20.312,213.501
AA,unrooted,LG,tree_2,VANILA,4,220.683,214.555,-90504713.177,20.312,217.816
AA,unrooted,LG,tree_2,OPENACC,6,24.93,24.53,-90504713.177,20.312,21.859
AA,unrooted,LG,tree_2,OPENACC,8,24.71,24.293,-90504713.177,20.312,21.69
AA,unrooted,LG,tree_2,OPENACC,7,24.037,23.665,-90504713.177,20.312,21.152
AA,unrooted,LG,tree_2,OPENACC,9,23.831,23.481,-90504713.177,20.312,21.014
AA,unrooted,LG,tree_2,OMP_10,10,29.804,281.056,-90504713.177,20.312,28.52
AA,unrooted,LG,tree_2,OMP_10,2,50.739,330.705,-90504713.177,20.312,49.001
AA,unrooted,LG,tree_2,OPENACC,8,23.713,23.362,-90504713.177,20.312,20.92
AA,unrooted,LG,tree_2,OPENACC,6,24.832,24.428,-90504713.177,20.312,21.767
AA,unrooted,LG,tree_2,OMP_48,3,11.399,454.021,-90504713.177,20.312,9.955
AA,unrooted,LG,tree_2,VANILA,5,220.6,213.739,-90504713.177,20.312,217.421
AA,unrooted,LG,tree_2,OPENACC,9,23.836,23.405,-90504713.177,20.312,20.952
AA,unrooted,LG,tree_2,OPENACC,7,23.694,23.371,-90504713.177,20.312,20.883
AA,unrooted,LG,tree_2,OMP_10,1,29.969,282.506,-90504713.177,20.312,28.647
AA,unrooted,LG,tree_2,OMP_48,4,11.25,449.444,-90504713.177,20.312,9.848
AA,unrooted,LG,tree_2,OMP_10,9,29.898,280.909,-90504713.177,20.312,28.511
AA,unrooted,LG,tree_2,OPENACC,5,25.017,24.602,-90504713.177,20.312,21.894
AA,unrooted,LG,tree_2,OPENACC,4,23.915,23.527,-90504713.177,20.312,21.058
AA,unrooted,LG,tree_2,VANILA,6,219.261,212.464,-90504713.177,20.312,216.12
AA,unrooted,LG,tree_2,VANILA,8,224.057,217.453,-90504713.177,20.312,220.868
AA,unrooted,LG,tree_2,OMP_10,6,48.037,313.799,-90504713.177,20.312,46.667
AA,unrooted,LG,tree_2,OPENACC,2,24.038,23.659,-90504713.177,20.312,21.135
AA,unrooted,LG,tree_2,OPENACC,3,24.013,23.643,-90504713.177,20.312,21.131
AA,unrooted,LG,tree_2,OMP_48,2,12.529,481.993,-90504713.177,20.312,10.796
AA,unrooted,LG,tree_2,VANILA,3,221.36,214.678,-90504713.177,20.312,218.243
AA,unrooted,LG,tree_2,OPENACC,10,24.006,23.644,-90504713.177,20.312,21.142
AA,unrooted,LG,tree_2,OPENACC,1,23.93,23.57,-90504713.177,20.312,21.035
AA,unrooted,LG,tree_2,OMP_10,7,29.675,280.217,-90504713.177,20.312,28.462
AA,unrooted,LG,tree_2,OMP_10,8,28.444,258.444,-90504713.177,20.312,27.108
AA,unrooted,LG,tree_2,OMP_48,5,12.052,480.556,-90504713.177,20.312,10.612
AA,unrooted,LG,tree_3,OMP_10,2,66.449,426.117,-87357001.171,19.421,64.552
AA,unrooted,LG,tree_3,OMP_10,10,39.342,374.042,-87357001.171,19.421,38.068
AA,unrooted,LG,tree_3,OPENACC,8,30.275,29.926,-87357001.171,19.421,27.442
AA,unrooted,LG,tree_3,OPENACC,6,31.628,31.206,-87357001.171,19.421,28.651
AA,unrooted,LG,tree_3,OPENACC,9,30.788,30.388,-87357001.171,19.421,27.85
AA,unrooted,LG,tree_3,OPENACC,7,30.816,30.481,-87357001.171,19.421,27.921
AA,unrooted,LG,tree_3,OPENACC,5,31.822,31.394,-87357001.171,19.421,28.729
AA,unrooted,LG,tree_3,OMP_10,5,39.46,362.091,-87357001.171,19.421,38.17
AA,unrooted,LG,tree_3,OPENACC,4,30.616,30.249,-87357001.171,19.421,27.768
AA,unrooted,LG,tree_3,OMP_48,8,14.642,570.499,-87357001.171,19.421,13.33
AA,unrooted,LG,tree_3,OMP_48,7,16.641,661.068,-87357001.171,19.421,15.232
AA,unrooted,LG,tree_3,OMP_48,10,18.361,622.292,-87357001.171,19.421,17.015
AA,unrooted,LG,tree_3,OPENACC,2,30.642,30.247,-87357001.171,19.421,27.795
AA,unrooted,LG,tree_3,OMP_48,1,13.971,576.212,-87357001.171,19.421,12.577
AA,unrooted,LG,tree_3,OPENACC,3,30.724,30.356,-87357001.171,19.421,27.831
AA,unrooted,LG,tree_3,OMP_10,3,39.239,373.237,-87357001.171,19.421,37.992
AA,unrooted,LG,tree_3,OMP_48,6,13.984,569.798,-87357001.171,19.421,12.535
AA,unrooted,LG,tree_3,OMP_48,9,19.546,625.708,-87357001.171,19.421,18.067
AA,unrooted,LG,tree_3,OPENACC,1,30.675,30.309,-87357001.171,19.421,27.821
AA,unrooted,LG,tree_3,OPENACC,10,30.545,30.167,-87357001.171,19.421,27.653
AA,unrooted,LG,tree_3,OMP_10,4,40.421,383.42,-87357001.171,19.421,39.068
AA,unrooted,LG,tree_3,OMP_48,5,15.892,612.972,-87357001.171,19.421,14.433
AA,unrooted,LG,tree_3,OMP_10,8,64.886,391.759,-87357001.171,19.421,63.496
AA,unrooted,LG,tree_3,OPENACC,1,30.814,30.462,-87357001.171,19.421,27.931
AA,unrooted,LG,tree_3,OMP_10,7,39.24,373.032,-87357001.171,19.421,37.976
AA,unrooted,LG,tree_3,OPENACC,2,31.949,31.524,-87357001.171,19.421,28.906
AA,unrooted,LG,tree_3,OMP_48,2,15.419,607.151,-87357001.171,19.421,14.152
AA,unrooted,LG,tree_3,OPENACC,3,30.54,30.158,-87357001.171,19.421,27.674
AA,unrooted,LG,tree_3,OPENACC,5,31.011,30.647,-87357001.171,19.421,28.095
AA,unrooted,LG,tree_3,OMP_10,6,60.389,401.842,-87357001.171,19.421,59.039
AA,unrooted,LG,tree_3,OPENACC,4,30.687,30.332,-87357001.171,19.421,27.826
AA,unrooted,LG,tree_3,OPENACC,10,30.139,29.741,-87357001.171,19.421,27.354
AA,unrooted,LG,tree_3,OMP_10,9,39.312,373.42,-87357001.171,19.421,38.031
AA,unrooted,LG,tree_3,OMP_48,4,16.554,613.444,-87357001.171,19.421,15.324
AA,unrooted,LG,tree_3,OMP_10,1,39.664,376.66,-87357001.171,19.421,38.318
AA,unrooted,LG,tree_3,OPENACC,6,31.834,31.435,-87357001.171,19.421,28.774
AA,unrooted,LG,tree_3,OPENACC,8,31.21,30.834,-87357001.171,19.421,28.256
AA,unrooted,LG,tree_3,OPENACC,7,30.655,30.265,-87357001.171,19.421,27.778
AA,unrooted,LG,tree_3,OPENACC,9,30.214,29.894,-87357001.171,19.421,27.415
AA,unrooted,LG,tree_3,OMP_48,3,14.243,585.374,-87357001.171,19.421,12.834
AA,unrooted,LG,tree_4,OMP_10,2,66.388,432.402,-87712627.079,20.39,64.837
AA,unrooted,LG,tree_4,OPENACC,7,30.648,30.22,-87712627.079,20.39,27.729
AA,unrooted,LG,tree_4,OPENACC,9,30.599,30.249,-87712627.079,20.39,27.708
AA,unrooted,LG,tree_4,OPENACC,6,32.043,31.601,-87712627.079,20.39,28.925
AA,unrooted,LG,tree_4,OPENACC,8,31.738,31.321,-87712627.079,20.39,28.689
AA,unrooted,LG,tree_4,OMP_10,10,39.51,376.02,-87712627.079,20.39,38.262
AA,unrooted,LG,tree_4,OPENACC,4,30.966,30.592,-87712627.079,20.39,28.072
AA,unrooted,LG,tree_4,OMP_48,7,14.987,617.784,-87712627.079,20.39,13.583
AA,unrooted,LG,tree_4,OPENACC,5,30.948,30.586,-87712627.079,20.39,28.058
AA,unrooted,LG,tree_4,OMP_48,10,17.655,639.448,-87712627.079,20.39,16.388
AA,unrooted,LG,tree_4,OMP_10,5,38.017,347.313,-87712627.079,20.39,36.749
AA,unrooted,LG,tree_4,OPENACC,10,30.229,29.866,-87712627.079,20.39,27.44
AA,unrooted,LG,tree_4,OMP_48,8,15.758,615.912,-87712627.079,20.39,14.473
AA,unrooted,LG,tree_4,OPENACC,3,30.679,30.313,-87712627.079,20.39,27.801
AA,unrooted,LG,tree_4,OPENACC,2,31.98,31.522,-87712627.079,20.39,28.864
AA,unrooted,LG,tree_4,OMP_10,3,39.361,374.888,-87712627.079,20.39,38.093
AA,unrooted,LG,tree_4,OMP_48,1,14.607,601.617,-87712627.079,20.39,13.164
AA,unrooted,LG,tree_4,OMP_48,9,14.617,608.017,-87712627.079,20.39,13.101
AA,unrooted,LG,tree_4,OMP_10,4,39.984,380.102,-87712627.079,20.39,38.726
AA,unrooted,LG,tree_4,OMP_48,6,14.919,604.671,-87712627.079,20.39,13.652
AA,unrooted,LG,tree_4,OPENACC,1,30.841,30.486,-87712627.079,20.39,27.97
AA,unrooted,LG,tree_4,OMP_10,7,39.387,374.884,-87712627.079,20.39,38.135
AA,unrooted,LG,tree_4,OMP_48,5,15.737,593.664,-87712627.079,20.39,13.555
AA,unrooted,LG,tree_4,OPENACC,1,30.431,30.067,-87712627.079,20.39,27.629
AA,unrooted,LG,tree_4,OPENACC,10,30.713,30.336,-87712627.079,20.39,27.849
AA,unrooted,LG,tree_4,OMP_10,8,38.809,352.862,-87712627.079,20.39,37.528
AA,unrooted,LG,tree_4,OPENACC,3,30.787,30.416,-87712627.079,20.39,27.893
AA,unrooted,LG,tree_4,OPENACC,2,30.476,30.101,-87712627.079,20.39,27.646
AA,unrooted,LG,tree_4,OMP_48,2,14.784,606.28,-87712627.079,20.39,13.356
AA,unrooted,LG,tree_4,OPENACC,4,30.376,30.017,-87712627.079,20.39,27.568
AA,unrooted,LG,tree_4,OMP_10,9,39.558,375.639,-87712627.079,20.39,38.301
AA,unrooted,LG,tree_4,OPENACC,5,31.779,31.36,-87712627.079,20.39,28.752
AA,unrooted,LG,tree_4,OMP_48,4,15.18,636.898,-87712627.079,20.39,13.749
AA,unrooted,LG,tree_4,OMP_10,6,41.682,370.854,-87712627.079,20.39,40.373
AA,unrooted,LG,tree_4,OMP_48,3,18.698,658.699,-87712627.079,20.39,17.319
AA,unrooted,LG,tree_4,OPENACC,9,30.65,30.168,-87712627.079,20.39,27.651
AA,unrooted,LG,tree_4,OPENACC,7,30.619,30.263,-87712627.079,20.39,27.758
AA,unrooted,LG,tree_4,OMP_10,1,39.658,377.388,-87712627.079,20.39,38.352
AA,unrooted,LG,tree_4,OPENACC,8,30.559,30.21,-87712627.079,20.39,27.741
AA,unrooted,LG,tree_4,OPENACC,6,31.903,31.475,-87712627.079,20.39,28.873
AA,unrooted,LG,tree_5,OMP_48,6,17.757,624.961,-86382770.364,19.61,16.446
AA,unrooted,LG,tree_5,OPENACC,10,30.292,29.916,-86382770.364,19.61,27.444
AA,unrooted,LG,tree_5,OPENACC,1,30.207,29.843,-86382770.364,19.61,27.346
AA,unrooted,LG,tree_5,OMP_10,4,39.502,375.813,-86382770.364,19.61,38.215
AA,unrooted,LG,tree_5,OMP_48,9,15.14,630.022,-86382770.364,19.61,13.643
AA,unrooted,LG,tree_5,OMP_48,1,15.352,622.852,-86382770.364,19.61,14.115
AA,unrooted,LG,tree_5,OMP_10,3,38.557,367.178,-86382770.364,19.61,37.319
AA,unrooted,LG,tree_5,OPENACC,3,30.475,30.106,-86382770.364,19.61,27.586
AA,unrooted,LG,tree_5,OPENACC,2,30.367,30.004,-86382770.364,19.61,27.498
AA,unrooted,LG,tree_5,OMP_48,8,18.484,643.36,-86382770.364,19.61,17.149
AA,unrooted,LG,tree_5,OMP_10,5,36.933,338.447,-86382770.364,19.61,35.641
AA,unrooted,LG,tree_5,OMP_48,10,14.598,598.304,-86382770.364,19.61,13.165
AA,unrooted,LG,tree_5,OMP_48,7,16.719,639.549,-86382770.364,19.61,15.429
AA,unrooted,LG,tree_5,OPENACC,4,30.37,30.019,-86382770.364,19.61,27.491
AA,unrooted,LG,tree_5,OPENACC,5,31.3,30.918,-86382770.364,19.61,28.281
AA,unrooted,LG,tree_5,OPENACC,9,30.03,29.675,-86382770.364,19.61,27.206
AA,unrooted,LG,tree_5,OPENACC,7,30.157,29.796,-86382770.364,19.61,27.351
AA,unrooted,LG,tree_5,OMP_10,10,38.56,367.262,-86382770.364,19.61,37.312
AA,unrooted,LG,tree_5,OMP_10,2,66.732,433.918,-86382770.364,19.61,64.723
AA,unrooted,LG,tree_5,OPENACC,8,30.088,29.734,-86382770.364,19.61,27.229
AA,unrooted,LG,tree_5,OPENACC,6,31.634,31.212,-86382770.364,19.61,28.57
AA,unrooted,LG,tree_5,OPENACC,7,30.507,30.124,-86382770.364,19.61,27.605
AA,unrooted,LG,tree_5,OPENACC,9,30.003,29.658,-86382770.364,19.61,27.161
AA,unrooted,LG,tree_5,OMP_10,1,38.869,370.698,-86382770.364,19.61,37.654
AA,unrooted,LG,tree_5,OPENACC,6,31.529,31.088,-86382770.364,19.61,28.452
AA,unrooted,LG,tree_5,OPENACC,8,31.196,30.796,-86382770.364,19.61,28.172
AA,unrooted,LG,tree_5,OMP_48,3,20.561,722.519,-86382770.364,19.61,19.132
AA,unrooted,LG,tree_5,OPENACC,10,30.135,29.766,-86382770.364,19.61,27.297
AA,unrooted,LG,tree_5,OMP_10,6,58.374,399.462,-86382770.364,19.61,56.988
AA,unrooted,LG,tree_5,OMP_48,4,14.514,600.178,-86382770.364,19.61,13.089
AA,unrooted,LG,tree_5,OPENACC,4,30.581,30.204,-86382770.364,19.61,27.657
AA,unrooted,LG,tree_5,OPENACC,5,30.518,30.153,-86382770.364,19.61,27.636
AA,unrooted,LG,tree_5,OMP_10,9,38.65,367.359,-86382770.364,19.61,37.348
AA,unrooted,LG,tree_5,OMP_48,2,19.05,629.558,-86382770.364,19.61,17.697
AA,unrooted,LG,tree_5,OPENACC,3,30.293,29.835,-86382770.364,19.61,27.44
AA,unrooted,LG,tree_5,OPENACC,2,31.506,31.122,-86382770.364,19.61,28.46
AA,unrooted,LG,tree_5,OMP_10,8,37.399,342.069,-86382770.364,19.61,36.104
AA,unrooted,LG,tree_5,OMP_48,5,19.057,652.134,-86382770.364,19.61,17.708
AA,unrooted,LG,tree_5,OPENACC,1,30.399,30.014,-86382770.364,19.61,27.562
AA,unrooted,LG,tree_5,OMP_10,7,38.619,367.663,-86382770.364,19.61,37.342
AA,unrooted,LG,tree_6,OMP_10,3,39.9,377.862,-84301496.968,18.591,38.645
AA,unrooted,LG,tree_6,OPENACC,5,31.195,30.822,-84301496.968,18.591,28.28
AA,unrooted,LG,tree_6,OPENACC,4,30.885,30.519,-84301496.968,18.591,28.022
AA,unrooted,LG,tree_6,OPENACC,10,30.243,29.88,-84301496.968,18.591,27.469
AA,unrooted,LG,tree_6,OMP_48,1,15.207,620.806,-84301496.968,18.591,13.72
AA,unrooted,LG,tree_6,OMP_10,4,40.736,385.819,-84301496.968,18.591,39.467
AA,unrooted,LG,tree_6,OMP_48,9,18.797,631.173,-84301496.968,18.591,17.361
AA,unrooted,LG,tree_6,OPENACC,8,31.655,31.235,-84301496.968,18.591,28.676
AA,unrooted,LG,tree_6,OPENACC,6,31.91,31.472,-84301496.968,18.591,28.834
AA,unrooted,LG,tree_6,OMP_48,6,16.6,651.152,-84301496.968,18.591,15.325
AA,unrooted,LG,tree_6,OPENACC,9,30.391,30.073,-84301496.968,18.591,27.585
AA,unrooted,LG,tree_6,OPENACC,7,30.77,30.399,-84301496.968,18.591,27.907
AA,unrooted,LG,tree_6,OPENACC,1,31.107,30.74,-84301496.968,18.591,28.213
AA,unrooted,LG,tree_6,OMP_10,10,39.961,378.54,-84301496.968,18.591,38.712
AA,unrooted,LG,tree_6,OMP_10,2,66.077,431.836,-84301496.968,18.591,64.392
AA,unrooted,LG,tree_6,OMP_48,7,15.139,611.375,-84301496.968,18.591,13.898
AA,unrooted,LG,tree_6,OMP_48,10,14.868,608.039,-84301496.968,18.591,13.436
AA,unrooted,LG,tree_6,OPENACC,2,31.899,31.473,-84301496.968,18.591,28.839
AA,unrooted,LG,tree_6,OPENACC,3,30.655,30.291,-84301496.968,18.591,27.844
AA,unrooted,LG,tree_6,OMP_48,8,15.095,613.219,-84301496.968,18.591,13.846
AA,unrooted,LG,tree_6,OMP_10,5,37.442,348.739,-84301496.968,18.591,36.045
AA,unrooted,LG,tree_6,OMP_48,4,15.052,604.544,-84301496.968,18.591,13.866
AA,unrooted,LG,tree_6,OPENACC,2,30.734,30.337,-84301496.968,18.591,27.838
AA,unrooted,LG,tree_6,OPENACC,3,30.926,30.549,-84301496.968,18.591,28.156
AA,unrooted,LG,tree_6,OMP_10,9,39.879,377.905,-84301496.968,18.591,38.663
AA,unrooted,LG,tree_6,OMP_10,6,42.702,380.83,-84301496.968,18.591,41.324
AA,unrooted,LG,tree_6,OMP_48,3,14.46,595.049,-84301496.968,18.591,13.074
AA,unrooted,LG,tree_6,OPENACC,1,30.812,30.452,-84301496.968,18.591,27.961
AA,unrooted,LG,tree_6,OPENACC,10,30.832,30.449,-84301496.968,18.591,27.92
AA,unrooted,LG,tree_6,OMP_10,1,40.176,380.409,-84301496.968,18.591,38.875
AA,unrooted,LG,tree_6,OMP_10,7,39.781,377.319,-84301496.968,18.591,38.571
AA,unrooted,LG,tree_6,OMP_10,8,38.014,352.943,-84301496.968,18.591,36.443
AA,unrooted,LG,tree_6,OPENACC,6,31.795,31.373,-84301496.968,18.591,28.755
AA,unrooted,LG,tree_6,OPENACC,8,30.514,30.162,-84301496.968,18.591,27.701
AA,unrooted,LG,tree_6,OMP_48,5,15.255,613.759,-84301496.968,18.591,13.94
AA,unrooted,LG,tree_6,OPENACC,7,30.569,30.212,-84301496.968,18.591,27.728
AA,unrooted,LG,tree_6,OPENACC,9,30.616,30.196,-84301496.968,18.591,27.723
AA,unrooted,LG,tree_6,OPENACC,5,31.984,31.594,-84301496.968,18.591,28.916
AA,unrooted,LG,tree_6,OPENACC,4,30.554,30.206,-84301496.968,18.591,27.707
AA,unrooted,LG,tree_6,OMP_48,2,20.064,625.794,-84301496.968,18.591,16.781
AA,unrooted,LG,tree_7,OMP_10,5,36.036,330.219,-87134163.126,19.77,34.745
AA,unrooted,LG,tree_7,OMP_48,8,14.341,586.481,-87134163.126,19.77,12.929
AA,unrooted,LG,tree_7,OPENACC,2,30.231,29.831,-87134163.126,19.77,27.397
AA,unrooted,LG,tree_7,OMP_48,10,16.941,641.858,-87134163.126,19.77,15.349
AA,unrooted,LG,tree_7,OMP_48,7,19.15,642.416,-87134163.126,19.77,17.764
AA,unrooted,LG,tree_7,OPENACC,3,30.565,30.19,-87134163.126,19.77,27.708
AA,unrooted,LG,tree_7,OMP_10,2,67.01,431.571,-87134163.126,19.77,65.373
AA,unrooted,LG,tree_7,OPENACC,10,30.323,29.932,-87134163.126,19.77,27.452
AA,unrooted,LG,tree_7,OPENACC,1,30.2,29.836,-87134163.126,19.77,27.388
AA,unrooted,LG,tree_7,OMP_10,10,38.129,362.747,-87134163.126,19.77,36.879
AA,unrooted,LG,tree_7,OMP_48,6,19.376,636.239,-87134163.126,19.77,17.971
AA,unrooted,LG,tree_7,OPENACC,6,31.413,30.993,-87134163.126,19.77,28.415
AA,unrooted,LG,tree_7,OPENACC,8,30.085,29.736,-87134163.126,19.77,27.294
AA,unrooted,LG,tree_7,OPENACC,7,30.525,30.165,-87134163.126,19.77,27.661
AA,unrooted,LG,tree_7,OPENACC,9,30.471,30.026,-87134163.126,19.77,27.516
AA,unrooted,LG,tree_7,OMP_48,9,14.869,608.506,-87134163.126,19.77,13.449
AA,unrooted,LG,tree_7,OMP_10,4,39.095,371.826,-87134163.126,19.77,37.823
AA,unrooted,LG,tree_7,OMP_48,1,14.339,588.879,-87134163.126,19.77,12.969
AA,unrooted,LG,tree_7,OMP_10,3,37.993,361.819,-87134163.126,19.77,36.775
AA,unrooted,LG,tree_7,OPENACC,4,30.065,29.726,-87134163.126,19.77,27.266
AA,unrooted,LG,tree_7,OMP_48,2,16.077,652.247,-87134163.126,19.77,14.531
AA,unrooted,LG,tree_7,OPENACC,10,29.9,29.541,-87134163.126,19.77,27.125
AA,unrooted,LG,tree_7,OPENACC,5,30.446,30.082,-87134163.126,19.77,27.577
AA,unrooted,LG,tree_7,OPENACC,4,30.195,29.85,-87134163.126,19.77,27.341
AA,unrooted,LG,tree_7,OPENACC,8,31.061,30.642,-87134163.126,19.77,28.109
AA,unrooted,LG,tree_7,OMP_48,5,15.152,632.436,-87134163.126,19.77,13.704
AA,unrooted,LG,tree_7,OPENACC,9,30.187,29.864,-87134163.126,19.77,27.351
AA,unrooted,LG,tree_7,OPENACC,7,30.387,30.034,-87134163.126,19.77,27.519
AA,unrooted,LG,tree_7,OMP_10,8,36.963,335.845,-87134163.126,19.77,35.68
AA,unrooted,LG,tree_7,OMP_10,7,37.979,361.746,-87134163.126,19.77,36.69
AA,unrooted,LG,tree_7,OMP_10,1,38.411,365.853,-87134163.126,19.77,37.154
AA,unrooted,LG,tree_7,OPENACC,1,30.346,29.983,-87134163.126,19.77,27.466
AA,unrooted,LG,tree_7,OMP_48,3,18.96,626.352,-87134163.126,19.77,17.624
AA,unrooted,LG,tree_7,OMP_10,6,61.402,402.499,-87134163.126,19.77,59.837
AA,unrooted,LG,tree_7,OMP_10,9,38.123,362.541,-87134163.126,19.77,36.853
AA,unrooted,LG,tree_7,OMP_48,4,14.692,598.457,-87134163.126,19.77,13.249
AA,unrooted,LG,tree_7,OPENACC,3,30.236,29.857,-87134163.126,19.77,27.381
AA,unrooted,LG,tree_8,OMP_10,4,38.887,370.974,-81931521.002,18.249,37.562
AA,unrooted,LG,tree_8,OMP_48,9,18.785,603.819,-81931521.002,18.249,17.2
AA,unrooted,LG,tree_8,OMP_48,6,13.795,569.299,-81931521.002,18.249,12.407
AA,unrooted,LG,tree_8,OMP_10,3,37.896,361.907,-81931521.002,18.249,36.659
AA,unrooted,LG,tree_8,OMP_48,1,15.41,586.575,-81931521.002,18.249,14.207
AA,unrooted,LG,tree_8,OMP_48,7,14.038,574.766,-81931521.002,18.249,12.692
AA,unrooted,LG,tree_8,OMP_48,10,18.555,611.411,-81931521.002,18.249,17.127
AA,unrooted,LG,tree_8,OMP_48,8,13.954,573.804,-81931521.002,18.249,12.585
AA,unrooted,LG,tree_8,OMP_10,5,35.654,327.883,-81931521.002,18.249,34.446
AA,unrooted,LG,tree_8,OMP_10,10,38.103,363.808,-81931521.002,18.249,36.9
AA,unrooted,LG,tree_8,OMP_10,2,40.139,362.43,-81931521.002,18.249,38.45
AA,unrooted,LG,tree_8,OMP_48,3,14.97,611.082,-81931521.002,18.249,13.588
AA,unrooted,LG,tree_8,OMP_10,1,38.276,365.173,-81931521.002,18.249,36.998
AA,unrooted,LG,tree_8,OMP_48,4,14.27,579.076,-81931521.002,18.249,12.856
AA,unrooted,LG,tree_8,OMP_10,9,37.944,361.937,-81931521.002,18.249,36.685
AA,unrooted,LG,tree_8,OMP_10,6,60.527,398.711,-81931521.002,18.249,59.15
AA,unrooted,LG,tree_8,OMP_48,2,18.922,628.19,-81931521.002,18.249,17.534
AA,unrooted,LG,tree_8,OMP_10,7,37.977,362.873,-81931521.002,18.249,36.751
AA,unrooted,LG,tree_8,OMP_10,8,36.394,333.41,-81931521.002,18.249,35.094
AA,unrooted,LG,tree_8,OMP_48,5,19.664,626.131,-81931521.002,18.249,18.292
AA,unrooted,LG,tree_9,OMP_10,2,50.814,346.104,-82340194.25,18.008,48.839
AA,unrooted,LG,tree_9,OMP_10,10,30.973,290.676,-82340194.25,18.008,29.698
AA,unrooted,LG,tree_9,OMP_10,5,29.458,268.383,-82340194.25,18.008,28.183
AA,unrooted,LG,tree_9,OMP_48,8,12.39,491.031,-82340194.25,18.008,11.007
AA,unrooted,LG,tree_9,OMP_48,10,11.554,467.275,-82340194.25,18.008,10.166
AA,unrooted,LG,tree_9,OMP_48,7,12.475,466.09,-82340194.25,18.008,11.091
AA,unrooted,LG,tree_9,OMP_48,1,11.585,467.075,-82340194.25,18.008,10.215
AA,unrooted,LG,tree_9,OMP_10,3,30.917,290.491,-82340194.25,18.008,29.689
AA,unrooted,LG,tree_9,OMP_48,6,12.306,480.555,-82340194.25,18.008,11.052
AA,unrooted,LG,tree_9,OMP_48,9,14.307,535.914,-82340194.25,18.008,12.896
AA,unrooted,LG,tree_9,OMP_10,4,31.66,296.897,-82340194.25,18.008,30.323
AA,unrooted,LG,tree_9,OMP_48,5,12.767,486.355,-82340194.25,18.008,11.556
AA,unrooted,LG,tree_9,OMP_10,8,29.94,271.946,-82340194.25,18.008,28.634
AA,unrooted,LG,tree_9,OMP_10,7,30.987,291.289,-82340194.25,18.008,29.748
AA,unrooted,LG,tree_9,OMP_48,2,12.67,494.05,-82340194.25,18.008,11.421
AA,unrooted,LG,tree_9,OMP_10,6,29.529,272.013,-82340194.25,18.008,28.131
AA,unrooted,LG,tree_9,OMP_10,9,30.937,290.696,-82340194.25,18.008,29.718
AA,unrooted,LG,tree_9,OMP_48,4,12.338,497.661,-82340194.25,18.008,10.927
AA,unrooted,LG,tree_9,OMP_10,1,31.188,292.979,-82340194.25,18.008,29.928
AA,unrooted,LG,tree_9,OMP_48,3,12.81,485.363,-82340194.25,18.008,11.582
DNA,unrooted,GTR,tree_1,OPENACC,1,43.843,43.469,-64343405.643,18.844,41.128
DNA,unrooted,GTR,tree_1,VANILA,5,114.498,112.354,-64343405.643,18.844,111.898
DNA,unrooted,GTR,tree_1,OPENACC,9,43.563,43.259,-64343405.643,18.844,40.866
DNA,unrooted,GTR,tree_1,OPENACC,2,44.485,43.845,-64343405.643,18.844,41.705
DNA,unrooted,GTR,tree_1,OPENACC,10,45.978,45.534,-64343405.643,18.844,43.012
DNA,unrooted,GTR,tree_1,OMP_48,8,13.635,443.555,-64343405.643,18.844,12.572
DNA,unrooted,GTR,tree_1,OMP_48,4,10.838,416.664,-64343405.643,18.844,9.758
DNA,unrooted,GTR,tree_1,OMP_48,3,14.489,461.341,-64343405.643,18.844,13.358
DNA,unrooted,GTR,tree_1,OPENACC,5,43.515,43.202,-64343405.643,18.844,40.818
DNA,unrooted,GTR,tree_1,VANILA,2,121.963,118.636,-64343405.643,18.844,119.104
DNA,unrooted,GTR,tree_1,OPENACC,6,44.179,43.846,-64343405.643,18.844,41.436
DNA,unrooted,GTR,tree_1,OMP_10,7,20.319,183.268,-64343405.643,18.844,19.183
DNA,unrooted,GTR,tree_1,OMP_48,2,13.059,429.008,-64343405.643,18.844,11.867
DNA,unrooted,GTR,tree_1,OPENACC,3,45.828,45.416,-64343405.643,18.844,42.871
DNA,unrooted,GTR,tree_1,VANILA,7,116.902,114.463,-64343405.643,18.844,114.244
DNA,unrooted,GTR,tree_1,OMP_10,6,42.973,289.433,-64343405.643,18.844,40.984
DNA,unrooted,GTR,tree_1,OPENACC,8,45.419,45.066,-64343405.643,18.844,42.474
DNA,unrooted,GTR,tree_1,OMP_10,1,26.361,203.759,-64343405.643,18.844,24.647
DNA,unrooted,GTR,tree_1,VANILA,10,121.487,119.167,-64343405.643,18.844,118.619
DNA,unrooted,GTR,tree_1,OPENACC,7,44.862,44.503,-64343405.643,18.844,42.004
DNA,unrooted,GTR,tree_1,OMP_48,10,9.97,417.189,-64343405.643,18.844,8.96
DNA,unrooted,GTR,tree_1,OPENACC,4,45.875,45.504,-64343405.643,18.844,42.975
DNA,unrooted,GTR,tree_1,OMP_48,9,12.684,426.491,-64343405.643,18.844,11.617
DNA,unrooted,GTR,tree_1,VANILA,8,116.841,114.036,-64343405.643,18.844,114.187
DNA,unrooted,GTR,tree_1,OMP_48,5,14.251,545.016,-64343405.643,18.844,13.154
DNA,unrooted,GTR,tree_1,OPENACC,5,43.823,43.503,-64343405.643,18.844,41.071
DNA,unrooted,GTR,tree_1,VANILA,9,117.109,115.042,-64343405.643,18.844,114.314
DNA,unrooted,GTR,tree_1,VANILA,1,111.904,109.954,-64343405.643,18.844,109.419
DNA,unrooted,GTR,tree_1,OPENACC,6,45.479,45.056,-64343405.643,18.844,42.597
DNA,unrooted,GTR,tree_1,OMP_10,4,27.228,262.371,-64343405.643,18.844,26.182
DNA,unrooted,GTR,tree_1,OMP_10,8,24.51,235.673,-64343405.643,18.844,23.446
DNA,unrooted,GTR,tree_1,OPENACC,9,46.073,45.692,-64343405.643,18.844,43.119
DNA,unrooted,GTR,tree_1,OMP_10,3,24.625,236.233,-64343405.643,18.844,23.565
DNA,unrooted,GTR,tree_1,OPENACC,1,44.045,43.681,-64343405.643,18.844,41.247
DNA,unrooted,GTR,tree_1,VANILA,6,123.919,121.702,-64343405.643,18.844,120.951
DNA,unrooted,GTR,tree_1,OMP_48,7,13.701,451.593,-64343405.643,18.844,12.609
DNA,unrooted,GTR,tree_1,OPENACC,2,44.301,43.959,-64343405.643,18.844,41.547
DNA,unrooted,GTR,tree_1,OMP_10,10,28.821,275.277,-64343405.643,18.844,27.748
DNA,unrooted,GTR,tree_1,OPENACC,7,44.851,44.488,-64343405.643,18.844,41.998
DNA,unrooted,GTR,tree_1,OMP_10,2,24.835,236.96,-64343405.643,18.844,23.778
DNA,unrooted,GTR,tree_1,VANILA,3,119.757,117.066,-64343405.643,18.844,116.968
DNA,unrooted,GTR,tree_1,OPENACC,4,43.995,43.638,-64343405.643,18.844,41.252
DNA,unrooted,GTR,tree_1,OMP_48,6,12.626,423.313,-64343405.643,18.844,11.546
DNA,unrooted,GTR,tree_1,OPENACC,3,44.346,44.028,-64343405.643,18.844,41.59
DNA,unrooted,GTR,tree_1,OMP_48,1,9.998,419.935,-64343405.643,18.844,8.918
DNA,unrooted,GTR,tree_1,VANILA,4,115.847,113.587,-64343405.643,18.844,113.233
DNA,unrooted,GTR,tree_1,OPENACC,10,43.75,43.4,-64343405.643,18.844,40.995
DNA,unrooted,GTR,tree_1,OMP_10,5,28.595,275.816,-64343405.643,18.844,27.489
DNA,unrooted,GTR,tree_1,OMP_10,9,24.796,238.791,-64343405.643,18.844,23.739
DNA,unrooted,GTR,tree_1,OPENACC,8,45.174,44.787,-64343405.643,18.844,42.321
DNA,unrooted,GTR,tree_10,OMP_48,5,13.094,445.891,-68972398.54,20.7,11.939
DNA,unrooted,GTR,tree_10,OMP_10,2,39.012,364.374,-68972398.54,20.7,37.933
DNA,unrooted,GTR,tree_10,OMP_10,7,36.245,328.819,-68972398.54,20.7,35.049
DNA,unrooted,GTR,tree_10,OMP_10,8,38.547,360.527,-68972398.54,20.7,37.483
DNA,unrooted,GTR,tree_10,OMP_10,6,38.551,337.515,-68972398.54,20.7,36.978
DNA,unrooted,GTR,tree_10,OMP_48,1,10.547,442.92,-68972398.54,20.7,9.448
DNA,unrooted,GTR,tree_10,OMP_48,4,11.194,413.851,-68972398.54,20.7,10.253
DNA,unrooted,GTR,tree_10,OMP_10,3,40.624,380.762,-68972398.54,20.7,39.511
DNA,unrooted,GTR,tree_10,OMP_10,9,41.485,388.854,-68972398.54,20.7,40.413
DNA,unrooted,GTR,tree_10,OMP_48,8,10.318,435.741,-68972398.54,20.7,9.293
DNA,unrooted,GTR,tree_10,OMP_48,7,12.943,441.684,-68972398.54,20.7,11.815
DNA,unrooted,GTR,tree_10,OMP_48,2,12.61,440.422,-68972398.54,20.7,11.491
DNA,unrooted,GTR,tree_10,OMP_10,5,38.482,359.098,-68972398.54,20.7,37.403
DNA,unrooted,GTR,tree_10,OMP_48,10,10.173,425.778,-68972398.54,20.7,9.045
DNA,unrooted,GTR,tree_10,OMP_48,9,13.253,437.773,-68972398.54,20.7,12.128
DNA,unrooted,GTR,tree_10,OMP_10,10,38.358,357.566,-68972398.54,20.7,37.316
DNA,unrooted,GTR,tree_10,OMP_48,3,14.06,463.299,-68972398.54,20.7,12.91
DNA,unrooted,GTR,tree_10,OMP_10,4,40.158,375.808,-68972398.54,20.7,39.1
DNA,unrooted,GTR,tree_10,OMP_10,1,47.71,390.791,-68972398.54,20.7,46.076
DNA,unrooted,GTR,tree_10,OMP_48,6,10.475,437.818,-68972398.54,20.7,9.401
DNA,unrooted,GTR,tree_2,OPENACC,6,49.606,49.237,-66217786.827,19.418,46.851
DNA,unrooted,GTR,tree_2,OMP_48,8,14.38,475.95,-66217786.827,19.418,13.247
DNA,unrooted,GTR,tree_2,OMP_48,4,12.551,425.892,-66217786.827,19.418,11.479
DNA,unrooted,GTR,tree_2,VANILA,2,125.625,122.464,-66217786.827,19.418,122.821
DNA,unrooted,GTR,tree_2,OPENACC,5,49.003,48.693,-66217786.827,19.418,46.316
DNA,unrooted,GTR,tree_2,OMP_10,7,19.84,179.001,-66217786.827,19.418,18.784
DNA,unrooted,GTR,tree_2,OPENACC,10,51.685,51.298,-66217786.827,19.418,48.792
DNA,unrooted,GTR,tree_2,OPENACC,2,49.578,49.231,-66217786.827,19.418,46.83
DNA,unrooted,GTR,tree_2,VANILA,5,119.774,117.455,-66217786.827,19.418,117.17
DNA,unrooted,GTR,tree_2,OPENACC,9,49.492,49.181,-66217786.827,19.418,46.727
DNA,unrooted,GTR,tree_2,OMP_48,3,12.517,427.201,-66217786.827,19.418,11.374
DNA,unrooted,GTR,tree_2,OPENACC,1,49.727,49.36,-66217786.827,19.418,46.93
DNA,unrooted,GTR,tree_2,OPENACC,4,52.154,51.745,-66217786.827,19.418,49.207
DNA,unrooted,GTR,tree_2,OMP_10,6,37.932,288.393,-66217786.827,19.418,36.263
DNA,unrooted,GTR,tree_2,VANILA,8,122.994,120.164,-66217786.827,19.418,120.329
DNA,unrooted,GTR,tree_2,OPENACC,7,49.682,49.348,-66217786.827,19.418,46.959
DNA,unrooted,GTR,tree_2,VANILA,10,131.054,128.516,-66217786.827,19.418,128.078
DNA,unrooted,GTR,tree_2,OMP_48,2,15.022,479.066,-66217786.827,19.418,13.79
DNA,unrooted,GTR,tree_2,OMP_48,9,12.725,427.082,-66217786.827,19.418,11.671
DNA,unrooted,GTR,tree_2,OMP_48,5,13.132,427.512,-66217786.827,19.418,12.111
DNA,unrooted,GTR,tree_2,OPENACC,8,51.323,50.907,-66217786.827,19.418,48.441
DNA,unrooted,GTR,tree_2,OMP_48,10,12.964,437.068,-66217786.827,19.418,11.806
DNA,unrooted,GTR,tree_2,VANILA,7,123.024,120.509,-66217786.827,19.418,120.281
DNA,unrooted,GTR,tree_2,OMP_10,1,25.485,208.423,-66217786.827,19.418,23.987
DNA,unrooted,GTR,tree_2,OPENACC,3,51.327,50.962,-66217786.827,19.418,48.447
DNA,unrooted,GTR,tree_2,OPENACC,2,50.324,49.931,-66217786.827,19.418,47.496
DNA,unrooted,GTR,tree_2,VANILA,6,131.492,129.188,-66217786.827,19.418,128.554
DNA,unrooted,GTR,tree_2,OMP_10,4,28.015,269.326,-66217786.827,19.418,26.946
DNA,unrooted,GTR,tree_2,OMP_10,8,25.893,249.045,-66217786.827,19.418,24.865
DNA,unrooted,GTR,tree_2,OPENACC,1,49.676,49.335,-66217786.827,19.418,46.9
DNA,unrooted,GTR,tree_2,OPENACC,9,51.108,50.709,-66217786.827,19.418,48.213
DNA,unrooted,GTR,tree_2,OPENACC,6,51.679,51.281,-66217786.827,19.418,48.777
DNA,unrooted,GTR,tree_2,OMP_48,7,10.056,420.153,-66217786.827,19.418,8.967
DNA,unrooted,GTR,tree_2,OMP_10,3,26.22,252.412,-66217786.827,19.418,25.229
DNA,unrooted,GTR,tree_2,VANILA,1,119.74,117.54,-66217786.827,19.418,117.186
DNA,unrooted,GTR,tree_2,OPENACC,5,49.189,48.878,-66217786.827,19.418,46.507
DNA,unrooted,GTR,tree_2,VANILA,9,124.191,122.06,-66217786.827,19.418,121.39
DNA,unrooted,GTR,tree_2,VANILA,4,122.027,119.746,-66217786.827,19.418,119.418
DNA,unrooted,GTR,tree_2,OPENACC,8,50.44,50.102,-66217786.827,19.418,47.667
DNA,unrooted,GTR,tree_2,OMP_48,6,10.362,434.822,-66217786.827,19.418,9.295
DNA,unrooted,GTR,tree_2,OPENACC,10,49.553,49.234,-66217786.827,19.418,46.823
DNA,unrooted,GTR,tree_2,OMP_10,2,27.134,261.095,-66217786.827,19.418,26.059
DNA,unrooted,GTR,tree_2,OPENACC,3,50.446,50.104,-66217786.827,19.418,47.66
DNA,unrooted,GTR,tree_2,OMP_10,10,28.382,272.274,-66217786.827,19.418,27.246
DNA,unrooted,GTR,tree_2,OMP_10,5,27.569,265.347,-66217786.827,19.418,26.5
DNA,unrooted,GTR,tree_2,OPENACC,4,49.488,49.151,-66217786.827,19.418,46.735
DNA,unrooted,GTR,tree_2,OMP_10,9,26.142,251.676,-66217786.827,19.418,25.107
DNA,unrooted,GTR,tree_2,OMP_48,1,13.313,436.571,-66217786.827,19.418,12.143
DNA,unrooted,GTR,tree_2,VANILA,3,123.288,120.475,-66217786.827,19.418,120.484
DNA,unrooted,GTR,tree_2,OPENACC,7,50.887,50.518,-66217786.827,19.418,48.016
DNA,unrooted,GTR,tree_3,OPENACC,4,43.907,43.602,-66775543.576,19.731,41.208
DNA,unrooted,GTR,tree_3,OMP_48,4,15.76,543.046,-66775543.576,19.731,14.68
DNA,unrooted,GTR,tree_3,OMP_48,8,13.186,555.966,-66775543.576,19.731,12.119
DNA,unrooted,GTR,tree_3,OPENACC,7,44.818,44.397,-66775543.576,19.731,41.922
DNA,unrooted,GTR,tree_3,VANILA,3,119.721,116.938,-66775543.576,19.731,117.145
DNA,unrooted,GTR,tree_3,VANILA,4,116.044,113.813,-66775543.576,19.731,113.432
DNA,unrooted,GTR,tree_3,OPENACC,8,44.914,44.551,-66775543.576,19.731,42.066
DNA,unrooted,GTR,tree_3,OPENACC,10,43.796,43.44,-66775543.576,19.731,41.138
DNA,unrooted,GTR,tree_3,OMP_10,7,20.105,179.318,-66775543.576,19.731,19.031
DNA,unrooted,GTR,tree_3,OMP_48,3,15.879,542.196,-66775543.576,19.731,14.682
DNA,unrooted,GTR,tree_3,OPENACC,3,44.29,43.936,-66775543.576,19.731,41.533
DNA,unrooted,GTR,tree_3,OPENACC,6,45.617,45.179,-66775543.576,19.731,42.682
DNA,unrooted,GTR,tree_3,OMP_10,6,45.15,285.122,-66775543.576,19.731,43.244
DNA,unrooted,GTR,tree_3,OPENACC,5,43.886,43.539,-66775543.576,19.731,41.131
DNA,unrooted,GTR,tree_3,OMP_48,2,16.179,554.45,-66775543.576,19.731,15.107
DNA,unrooted,GTR,tree_3,VANILA,9,115.804,113.776,-66775543.576,19.731,113.107
DNA,unrooted,GTR,tree_3,VANILA,1,112.589,110.648,-66775543.576,19.731,110.105
DNA,unrooted,GTR,tree_3,OMP_48,10,13.135,540.713,-66775543.576,19.731,12.035
DNA,unrooted,GTR,tree_3,VANILA,6,121.315,119.159,-66775543.576,19.731,118.773
DNA,unrooted,GTR,tree_3,OMP_48,5,13.189,530.778,-66775543.576,19.731,12.249
DNA,unrooted,GTR,tree_3,OMP_48,9,13.24,556.815,-66775543.576,19.731,12.1
DNA,unrooted,GTR,tree_3,OPENACC,2,44.214,43.856,-66775543.576,19.731,41.444
DNA,unrooted,GTR,tree_3,OMP_10,1,24.725,201.431,-66775543.576,19.731,22.975
DNA,unrooted,GTR,tree_3,OPENACC,9,45.293,44.927,-66775543.576,19.731,42.415
DNA,unrooted,GTR,tree_3,OPENACC,1,43.834,43.467,-66775543.576,19.731,41.076
DNA,unrooted,GTR,tree_3,OMP_10,8,24.965,239.117,-66775543.576,19.731,23.932
DNA,unrooted,GTR,tree_3,OMP_10,4,28.071,268.687,-66775543.576,19.731,26.909
DNA,unrooted,GTR,tree_3,OPENACC,8,45.331,44.923,-66775543.576,19.731,42.461
DNA,unrooted,GTR,tree_3,OPENACC,3,45.403,45.014,-66775543.576,19.731,42.451
DNA,unrooted,GTR,tree_3,VANILA,7,117.089,114.829,-66775543.576,19.731,114.324
DNA,unrooted,GTR,tree_3,OMP_48,7,13.274,542.969,-66775543.576,19.731,12.245
DNA,unrooted,GTR,tree_3,OPENACC,4,46.076,45.62,-66775543.576,19.731,43.081
DNA,unrooted,GTR,tree_3,VANILA,8,117.032,114.246,-66775543.576,19.731,114.374
DNA,unrooted,GTR,tree_3,VANILA,10,128.388,125.023,-66775543.576,19.731,124.429
DNA,unrooted,GTR,tree_3,OMP_10,3,24.932,239.263,-66775543.576,19.731,23.944
DNA,unrooted,GTR,tree_3,OPENACC,7,44.283,43.928,-66775543.576,19.731,41.464
DNA,unrooted,GTR,tree_3,OPENACC,10,45.674,45.282,-66775543.576,19.731,42.755
DNA,unrooted,GTR,tree_3,OMP_48,6,15.642,535.887,-66775543.576,19.731,14.47
DNA,unrooted,GTR,tree_3,OPENACC,2,43.99,43.635,-66775543.576,19.731,41.237
DNA,unrooted,GTR,tree_3,OPENACC,1,43.731,43.417,-66775543.576,19.731,41.038
DNA,unrooted,GTR,tree_3,OMP_10,10,25.901,246.31,-66775543.576,19.731,24.812
DNA,unrooted,GTR,tree_3,VANILA,5,114.248,112.074,-66775543.576,19.731,111.618
DNA,unrooted,GTR,tree_3,OPENACC,9,43.888,43.566,-66775543.576,19.731,41.122
DNA,unrooted,GTR,tree_3,OMP_10,2,25.808,247.371,-66775543.576,19.731,24.71
DNA,unrooted,GTR,tree_3,OMP_10,9,26.928,259.065,-66775543.576,19.731,25.886
DNA,unrooted,GTR,tree_3,OMP_10,5,27.635,265.477,-66775543.576,19.731,26.547
DNA,unrooted,GTR,tree_3,VANILA,2,121.214,118.078,-66775543.576,19.731,118.504
DNA,unrooted,GTR,tree_3,OPENACC,6,44.496,44.04,-66775543.576,19.731,41.599
DNA,unrooted,GTR,tree_3,OMP_48,1,13.808,569.261,-66775543.576,19.731,12.663
DNA,unrooted,GTR,tree_3,OPENACC,5,43.421,43.108,-66775543.576,19.731,40.744
DNA,unrooted,GTR,tree_4,OMP_48,3,21.533,796.544,-68796842.673,20.6,20.47
DNA,unrooted,GTR,tree_4,VANILA,7,170.336,167.725,-68796842.673,20.6,167.626
DNA,unrooted,GTR,tree_4,OPENACC,3,62.612,62.201,-68796842.673,20.6,59.688
DNA,unrooted,GTR,tree_4,OPENACC,8,62.142,61.805,-68796842.673,20.6,59.292
DNA,unrooted,GTR,tree_4,OMP_10,7,44.442,410.913,-68796842.673,20.6,43.216
DNA,unrooted,GTR,tree_4,OPENACC,7,60.794,60.45,-68796842.673,20.6,58.034
DNA,unrooted,GTR,tree_4,VANILA,10,177.733,174.907,-68796842.673,20.6,174.731
DNA,unrooted,GTR,tree_4,VANILA,8,169.935,166.688,-68796842.673,20.6,167.282
DNA,unrooted,GTR,tree_4,OPENACC,4,63.408,63.011,-68796842.673,20.6,60.487
DNA,unrooted,GTR,tree_4,OMP_48,4,21.201,746.913,-68796842.673,20.6,20.071
DNA,unrooted,GTR,tree_4,OMP_48,8,21.308,775.052,-68796842.673,20.6,20.216
DNA,unrooted,GTR,tree_4,OPENACC,9,60.502,60.186,-68796842.673,20.6,57.78
DNA,unrooted,GTR,tree_4,OMP_10,1,54.355,458.452,-68796842.673,20.6,52.707
DNA,unrooted,GTR,tree_4,VANILA,5,166.939,162.966,-68796842.673,20.6,164.275
DNA,unrooted,GTR,tree_4,OPENACC,1,61.137,60.774,-68796842.673,20.6,58.366
DNA,unrooted,GTR,tree_4,OMP_48,10,21.45,767.948,-68796842.673,20.6,20.217
DNA,unrooted,GTR,tree_4,OPENACC,10,63.085,62.699,-68796842.673,20.6,60.203
DNA,unrooted,GTR,tree_4,OMP_48,5,23.556,863.601,-68796842.673,20.6,22.108
DNA,unrooted,GTR,tree_4,OPENACC,2,60.811,60.456,-68796842.673,20.6,58.064
DNA,unrooted,GTR,tree_4,OMP_48,9,19.405,756.023,-68796842.673,20.6,18.333
DNA,unrooted,GTR,tree_4,OMP_48,2,20.234,771.449,-68796842.673,20.6,19.184
DNA,unrooted,GTR,tree_4,OPENACC,5,59.734,59.42,-68796842.673,20.6,57.057
DNA,unrooted,GTR,tree_4,OPENACC,6,60.6,60.241,-68796842.673,20.6,57.863
DNA,unrooted,GTR,tree_4,VANILA,2,176.323,172.315,-68796842.673,20.6,173.423
DNA,unrooted,GTR,tree_4,OMP_10,6,63.836,512.392,-68796842.673,20.6,62.317
DNA,unrooted,GTR,tree_4,VANILA,3,173.289,169.777,-68796842.673,20.6,170.603
DNA,unrooted,GTR,tree_4,OMP_10,3,47.621,449.706,-68796842.673,20.6,46.541
DNA,unrooted,GTR,tree_4,OPENACC,7,62.106,61.732,-68796842.673,20.6,59.255
DNA,unrooted,GTR,tree_4,OMP_48,7,17.786,763.307,-68796842.673,20.6,16.669
DNA,unrooted,GTR,tree_4,OPENACC,4,60.607,60.253,-68796842.673,20.6,57.831
DNA,unrooted,GTR,tree_4,OPENACC,3,61.287,60.952,-68796842.673,20.6,58.517
DNA,unrooted,GTR,tree_4,OMP_10,8,47.781,449.598,-68796842.673,20.6,46.721
DNA,unrooted,GTR,tree_4,OMP_10,4,48.764,459.459,-68796842.673,20.6,47.657
DNA,unrooted,GTR,tree_4,OPENACC,8,61.611,61.212,-68796842.673,20.6,58.745
DNA,unrooted,GTR,tree_4,OPENACC,10,60.683,60.353,-68796842.673,20.6,57.919
DNA,unrooted,GTR,tree_4,VANILA,4,167.862,165.33,-68796842.673,20.6,165.261
DNA,unrooted,GTR,tree_4,VANILA,1,164.262,161.745,-68796842.673,20.6,161.713
DNA,unrooted,GTR,tree_4,OMP_48,1,21.267,798.236,-68796842.673,20.6,20.197
DNA,unrooted,GTR,tree_4,VANILA,9,171.289,168.95,-68796842.673,20.6,168.602
DNA,unrooted,GTR,tree_4,OPENACC,5,60.348,60.012,-68796842.673,20.6,57.63
DNA,unrooted,GTR,tree_4,OMP_10,9,47.821,449.777,-68796842.673,20.6,46.752
DNA,unrooted,GTR,tree_4,OMP_10,5,49.55,467.039,-68796842.673,20.6,48.463
DNA,unrooted,GTR,tree_4,OPENACC,6,63.452,63.017,-68796842.673,20.6,60.454
DNA,unrooted,GTR,tree_4,OPENACC,1,60.357,59.978,-68796842.673,20.6,57.59
DNA,unrooted,GTR,tree_4,OMP_10,10,50.51,475.718,-68796842.673,20.6,49.449
DNA,unrooted,GTR,tree_4,OPENACC,9,61.708,61.305,-68796842.673,20.6,58.86
DNA,unrooted,GTR,tree_4,OMP_10,2,48.751,459.386,-68796842.673,20.6,47.708
DNA,unrooted,GTR,tree_4,OPENACC,2,61.277,60.893,-68796842.673,20.6,58.45
DNA,unrooted,GTR,tree_4,OMP_48,6,19.736,746.807,-68796842.673,20.6,18.666
DNA,unrooted,GTR,tree_4,VANILA,6,175.841,173.36,-68796842.673,20.6,173.027
DNA,unrooted,GTR,tree_5,OMP_48,3,16.211,511.922,-68054876.562,20.138,13.423
DNA,unrooted,GTR,tree_5,OMP_10,7,19.758,178.707,-68054876.562,20.138,18.7
DNA,unrooted,GTR,tree_5,OPENACC,2,49.863,49.463,-68054876.562,20.138,47.096
DNA,unrooted,GTR,tree_5,OPENACC,5,49.204,48.886,-68054876.562,20.138,46.538
DNA,unrooted,GTR,tree_5,OMP_48,8,14.292,477.849,-68054876.562,20.138,13.207
DNA,unrooted,GTR,tree_5,OMP_48,4,13.95,449.883,-68054876.562,20.138,12.916
DNA,unrooted,GTR,tree_5,OMP_10,1,22.954,188.463,-68054876.562,20.138,21.512
DNA,unrooted,GTR,tree_5,OPENACC,3,49.739,49.408,-68054876.562,20.138,47.021
DNA,unrooted,GTR,tree_5,OMP_48,9,10.989,452.958,-68054876.562,20.138,9.86
DNA,unrooted,GTR,tree_5,OMP_48,5,10.494,439.211,-68054876.562,20.138,9.409
DNA,unrooted,GTR,tree_5,OPENACC,10,50.008,49.677,-68054876.562,20.138,47.225
DNA,unrooted,GTR,tree_5,OMP_48,10,13.61,556.26,-68054876.562,20.138,12.477
DNA,unrooted,GTR,tree_5,OMP_48,2,13.876,459.837,-68054876.562,20.138,12.851
DNA,unrooted,GTR,tree_5,OPENACC,4,49.225,48.898,-68054876.562,20.138,46.503
DNA,unrooted,GTR,tree_5,OMP_10,6,45.706,334.773,-68054876.562,20.138,44.22
DNA,unrooted,GTR,tree_5,OMP_10,3,26.196,251.561,-68054876.562,20.138,25.169
DNA,unrooted,GTR,tree_5,OPENACC,5,48.858,48.549,-68054876.562,20.138,46.18
DNA,unrooted,GTR,tree_5,OMP_48,7,12.466,434.59,-68054876.562,20.138,11.439
DNA,unrooted,GTR,tree_5,OPENACC,6,49.741,49.396,-68054876.562,20.138,46.979
DNA,unrooted,GTR,tree_5,OPENACC,1,49.967,49.637,-68054876.562,20.138,47.217
DNA,unrooted,GTR,tree_5,OPENACC,9,49.99,49.496,-68054876.562,20.138,47.064
DNA,unrooted,GTR,tree_5,OPENACC,2,50.009,49.415,-68054876.562,20.138,47.191
DNA,unrooted,GTR,tree_5,OMP_10,4,28.048,269.511,-68054876.562,20.138,26.932
DNA,unrooted,GTR,tree_5,OMP_10,8,25.79,247.755,-68054876.562,20.138,24.791
DNA,unrooted,GTR,tree_5,OMP_48,1,13.362,443.042,-68054876.562,20.138,12.321
DNA,unrooted,GTR,tree_5,OMP_10,5,27.833,267.278,-68054876.562,20.138,26.69
DNA,unrooted,GTR,tree_5,OMP_10,9,26.219,251.865,-68054876.562,20.138,25.209
DNA,unrooted,GTR,tree_5,OMP_10,2,27.208,260.551,-68054876.562,20.138,26.064
DNA,unrooted,GTR,tree_5,OMP_10,10,27.122,258.4,-68054876.562,20.138,25.853
DNA,unrooted,GTR,tree_5,OMP_48,6,13.229,437.793,-68054876.562,20.138,12.14
DNA,unrooted,GTR,tree_6,OMP_10,7,27.985,255.206,-62743967.673,17.749,26.642
DNA,unrooted,GTR,tree_6,OMP_48,3,19.656,725.726,-62743967.673,17.749,18.627
DNA,unrooted,GTR,tree_6,OMP_48,8,21.501,799.29,-62743967.673,17.749,20.42
DNA,unrooted,GTR,tree_6,OMP_48,4,20.877,762.014,-62743967.673,17.749,19.728
DNA,unrooted,GTR,tree_6,OMP_48,10,22.302,859.055,-62743967.673,17.749,21.152
DNA,unrooted,GTR,tree_6,OMP_48,9,21.598,782.652,-62743967.673,17.749,20.493
DNA,unrooted,GTR,tree_6,OMP_48,5,19.797,723.376,-62743967.673,17.749,18.738
DNA,unrooted,GTR,tree_6,OMP_10,1,32.733,258.878,-62743967.673,17.749,31.089
DNA,unrooted,GTR,tree_6,OMP_10,6,92.248,443.556,-62743967.673,17.749,90.675
DNA,unrooted,GTR,tree_6,OMP_48,2,18.225,770.641,-62743967.673,17.749,17.177
DNA,unrooted,GTR,tree_6,OMP_48,7,20.318,747.596,-62743967.673,17.749,19.051
DNA,unrooted,GTR,tree_6,OMP_10,3,34.219,332.133,-62743967.673,17.749,33.171
DNA,unrooted,GTR,tree_6,OMP_10,4,38.074,369.348,-62743967.673,17.749,36.987
DNA,unrooted,GTR,tree_6,OMP_10,8,33.709,326.929,-62743967.673,17.749,32.664
DNA,unrooted,GTR,tree_6,OMP_10,5,36.085,349.963,-62743967.673,17.749,34.966
DNA,unrooted,GTR,tree_6,OMP_10,9,34.255,332.416,-62743967.673,17.749,33.177
DNA,unrooted,GTR,tree_6,OMP_48,1,24.534,925.628,-62743967.673,17.749,23.33
DNA,unrooted,GTR,tree_6,OMP_48,6,21.894,780.927,-62743967.673,17.749,20.822
DNA,unrooted,GTR,tree_6,OMP_10,10,35.749,345.02,-62743967.673,17.749,34.687
DNA,unrooted,GTR,tree_6,OMP_10,2,35.398,343.168,-62743967.673,17.749,34.321
DNA,unrooted,GTR,tree_7,OMP_10,7,21.205,191.343,-67994364.745,19.714,20.108
DNA,unrooted,GTR,tree_7,OMP_48,3,14.15,473.479,-67994364.745,19.714,13.059
DNA,unrooted,GTR,tree_7,OMP_48,4,15.407,515.831,-67994364.745,19.714,14.223
DNA,unrooted,GTR,tree_7,OMP_48,8,14.499,474.05,-67994364.745,19.714,13.231
DNA,unrooted,GTR,tree_7,OMP_48,5,14.181,475.09,-67994364.745,19.714,13.079
DNA,unrooted,GTR,tree_7,OMP_48,9,15.42,521.075,-67994364.745,19.714,14.31
DNA,unrooted,GTR,tree_7,OMP_48,10,16.572,573.876,-67994364.745,19.714,15.494
DNA,unrooted,GTR,tree_7,OMP_10,1,20.428,181.672,-67994364.745,19.714,18.918
DNA,unrooted,GTR,tree_7,OMP_10,6,75.234,358.063,-67994364.745,19.714,73.738
DNA,unrooted,GTR,tree_7,OMP_48,2,11.686,480.656,-67994364.745,19.714,10.563
DNA,unrooted,GTR,tree_7,OMP_48,7,15.242,496.856,-67994364.745,19.714,14.121
DNA,unrooted,GTR,tree_7,OMP_10,3,27.09,260.725,-67994364.745,19.714,25.981
DNA,unrooted,GTR,tree_7,OMP_10,8,26.643,256.995,-67994364.745,19.714,25.632
DNA,unrooted,GTR,tree_7,OMP_10,4,27.016,259.881,-67994364.745,19.714,25.926
DNA,unrooted,GTR,tree_7,OMP_10,9,27.727,267.241,-67994364.745,19.714,26.656
DNA,unrooted,GTR,tree_7,OMP_10,5,29.566,285.657,-67994364.745,19.714,28.464
DNA,unrooted,GTR,tree_7,OMP_48,1,11.984,463.001,-67994364.745,19.714,11.042
DNA,unrooted,GTR,tree_7,OMP_48,6,15.086,512.232,-67994364.745,19.714,13.969
DNA,unrooted,GTR,tree_7,OMP_10,2,26.674,256.534,-67994364.745,19.714,25.627
DNA,unrooted,GTR,tree_7,OMP_10,10,27.719,264.801,-67994364.745,19.714,26.654
DNA,unrooted,GTR,tree_8,OMP_10,6,62.919,553.279,-67533437.34,19.722,61.303
DNA,unrooted,GTR,tree_8,OMP_48,2,19.319,708.878,-67533437.34,19.722,18.297
DNA,unrooted,GTR,tree_8,OMP_48,10,18.48,700.157,-67533437.34,19.722,17.397
DNA,unrooted,GTR,tree_8,OMP_48,9,16.062,697.252,-67533437.34,19.722,14.913
DNA,unrooted,GTR,tree_8,OMP_48,5,20.794,754.495,-67533437.34,19.722,19.748
DNA,unrooted,GTR,tree_8,OMP_10,1,68.963,587.653,-67533437.34,19.722,67.196
DNA,unrooted,GTR,tree_8,OMP_48,8,19.887,726.224,-67533437.34,19.722,18.623
DNA,unrooted,GTR,tree_8,OMP_48,4,20.792,767.83,-67533437.34,19.722,19.636
DNA,unrooted,GTR,tree_8,OMP_10,7,61.155,576.042,-67533437.34,19.722,59.964
DNA,unrooted,GTR,tree_8,OMP_48,3,19.171,706.407,-67533437.34,19.722,17.911
DNA,unrooted,GTR,tree_8,OMP_48,6,20.38,724.38,-67533437.34,19.722,19.348
DNA,unrooted,GTR,tree_8,OMP_10,10,68.921,663.675,-67533437.34,19.722,67.792
DNA,unrooted,GTR,tree_8,OMP_10,2,67.425,647.392,-67533437.34,19.722,66.353
DNA,unrooted,GTR,tree_8,OMP_10,5,65.342,628.596,-67533437.34,19.722,64.3
DNA,unrooted,GTR,tree_8,OMP_10,9,66.333,640.002,-67533437.34,19.722,65.269
DNA,unrooted,GTR,tree_8,OMP_48,1,20.39,834.838,-67533437.34,19.722,19.246
DNA,unrooted,GTR,tree_8,OMP_10,4,65.53,628.538,-67533437.34,19.722,64.431
DNA,unrooted,GTR,tree_8,OMP_10,8,65.792,634.366,-67533437.34,19.722,64.728
DNA,unrooted,GTR,tree_8,OMP_48,7,19.401,699.051,-67533437.34,19.722,18.151
DNA,unrooted,GTR,tree_8,OMP_10,3,66.016,635.036,-67533437.34,19.722,64.969
DNA,unrooted,GTR,tree_9,OMP_10,6,33.498,309.212,-72937485.322,22.502,32.1
DNA,unrooted,GTR,tree_9,OMP_48,2,22.086,811.173,-72937485.322,22.502,21.062
DNA,unrooted,GTR,tree_9,OMP_48,5,24.545,962.613,-72937485.322,22.502,23.514
DNA,unrooted,GTR,tree_9,OMP_48,9,21.943,805.618,-72937485.322,22.502,20.834
DNA,unrooted,GTR,tree_9,OMP_48,10,17.405,756.045,-72937485.322,22.502,16.278
DNA,unrooted,GTR,tree_9,OMP_10,1,49.046,396.68,-72937485.322,22.502,47.662
DNA,unrooted,GTR,tree_9,OMP_48,4,19.828,750.114,-72937485.322,22.502,18.668
DNA,unrooted,GTR,tree_9,OMP_48,8,21.665,808.219,-72937485.322,22.502,20.57
DNA,unrooted,GTR,tree_9,OMP_10,7,36.176,337.034,-72937485.322,22.502,34.971
DNA,unrooted,GTR,tree_9,OMP_48,3,22.557,812.648,-72937485.322,22.502,21.352
DNA,unrooted,GTR,tree_9,OMP_48,6,19.356,821.959,-72937485.322,22.502,18.299
DNA,unrooted,GTR,tree_9,OMP_10,2,46.483,454.748,-72937485.322,22.502,45.439
DNA,unrooted,GTR,tree_9,OMP_10,10,45.869,445.784,-72937485.322,22.502,44.805
DNA,unrooted,GTR,tree_9,OMP_10,9,47.519,465.601,-72937485.322,22.502,46.444
DNA,unrooted,GTR,tree_9,OMP_10,5,47.362,464.146,-72937485.322,22.502,46.313
DNA,unrooted,GTR,tree_9,OMP_48,1,23.769,890.975,-72937485.322,22.502,22.657
DNA,unrooted,GTR,tree_9,OMP_10,8,47.841,451.445,-72937485.322,22.502,45.049
DNA,unrooted,GTR,tree_9,OMP_10,4,44.479,434.66,-72937485.322,22.502,43.415
DNA,unrooted,GTR,tree_9,OMP_48,7,21.542,782.444,-72937485.322,22.502,20.459
DNA,unrooted,GTR,tree_9,OMP_10,3,45.377,444.326,-72937485.322,22.502,44.326
AA,unrooted,LG,tree_1,GPU_MAXREG,4,30.17,29.827,-88901422.374,19.949,27.343
AA,unrooted,LG,tree_1,GPU_MAXREG,7,31.032,30.646,-88901422.374,19.949,28.121
AA,unrooted,LG,tree_1,GPU_MAXREG,9,30.672,30.311,-88901422.374,19.949,27.763
AA,unrooted,LG,tree_1,GPU_MAXREG,1,30.627,30.271,-88901422.374,19.949,27.713
AA,unrooted,LG,tree_1,GPU_MAXREG,10,31.885,31.43,-88901422.374,19.949,28.772
AA,unrooted,LG,tree_1,GPU_MAXREG,2,30.798,30.425,-88901422.374,19.949,27.908
AA,unrooted,LG,tree_1,GPU_MAXREG,3,30.57,30.22,-88901422.374,19.949,27.678
AA,unrooted,LG,tree_1,GPU_MAXREG,8,30.289,29.959,-88901422.374,19.949,27.451
AA,unrooted,LG,tree_1,GPU_MAXREG,6,30.451,30.058,-88901422.374,19.949,27.569
AA,unrooted,LG,tree_1,GPU_MAXREG,5,30.622,30.248,-88901422.374,19.949,27.782
AA,unrooted,LG,tree_2,GPU_MAXREG,3,23.737,23.393,-90504713.177,20.312,20.853
AA,unrooted,LG,tree_2,GPU_MAXREG,5,23.973,23.598,-90504713.177,20.312,21.097
AA,unrooted,LG,tree_2,GPU_MAXREG,6,23.848,23.461,-90504713.177,20.312,20.972
AA,unrooted,LG,tree_2,GPU_MAXREG,8,23.883,23.529,-90504713.177,20.312,20.964
AA,unrooted,LG,tree_2,GPU_MAXREG,9,23.841,23.472,-90504713.177,20.312,20.932
AA,unrooted,LG,tree_2,GPU_MAXREG,7,24.181,23.804,-90504713.177,20.312,21.196
AA,unrooted,LG,tree_2,GPU_MAXREG,4,23.393,23.036,-90504713.177,20.312,20.599
AA,unrooted,LG,tree_2,GPU_MAXREG,2,24.1,23.727,-90504713.177,20.312,21.134
AA,unrooted,LG,tree_2,GPU_MAXREG,10,24.61,24.03,-90504713.177,20.312,21.453
AA,unrooted,LG,tree_2,GPU_MAXREG,1,23.696,23.337,-90504713.177,20.312,20.813
AA,unrooted,LG,tree_3,GPU_MAXREG,9,30.346,29.981,-87357001.171,19.421,27.492
AA,unrooted,LG,tree_3,GPU_MAXREG,7,30.568,30.217,-87357001.171,19.421,27.665
AA,unrooted,LG,tree_3,GPU_MAXREG,4,29.658,29.332,-87357001.171,19.421,26.883
AA,unrooted,LG,tree_3,GPU_MAXREG,2,30.521,30.157,-87357001.171,19.421,27.651
AA,unrooted,LG,tree_3,GPU_MAXREG,1,30.422,30.065,-87357001.171,19.421,27.552
AA,unrooted,LG,tree_3,GPU_MAXREG,10,31.418,30.989,-87357001.171,19.421,28.351
AA,unrooted,LG,tree_3,GPU_MAXREG,3,30.156,29.823,-87357001.171,19.421,27.338
AA,unrooted,LG,tree_3,GPU_MAXREG,5,30.416,30.02,-87357001.171,19.421,27.531
AA,unrooted,LG,tree_3,GPU_MAXREG,6,29.993,29.631,-87357001.171,19.421,27.204
AA,unrooted,LG,tree_3,GPU_MAXREG,8,30.995,29.96,-87357001.171,19.421,27.472
AA,unrooted,LG,tree_4,GPU_MAXREG,6,30.149,29.757,-87712627.079,20.39,27.39
AA,unrooted,LG,tree_4,GPU_MAXREG,8,30.532,30.169,-87712627.079,20.39,27.656
AA,unrooted,LG,tree_4,GPU_MAXREG,5,30.188,29.818,-87712627.079,20.39,27.376
AA,unrooted,LG,tree_4,GPU_MAXREG,3,30.447,30.093,-87712627.079,20.39,27.541
AA,unrooted,LG,tree_4,GPU_MAXREG,1,30.15,29.797,-87712627.079,20.39,27.314
AA,unrooted,LG,tree_4,GPU_MAXREG,10,31.631,31.196,-87712627.079,20.39,28.527
AA,unrooted,LG,tree_4,GPU_MAXREG,2,30.329,29.968,-87712627.079,20.39,27.494
AA,unrooted,LG,tree_4,GPU_MAXREG,4,29.897,29.546,-87712627.079,20.39,27.106
AA,unrooted,LG,tree_4,GPU_MAXREG,9,30.5,30.131,-87712627.079,20.39,27.583
AA,unrooted,LG,tree_4,GPU_MAXREG,7,30.958,30.543,-87712627.079,20.39,28.011
AA,unrooted,LG,tree_5,GPU_MAXREG,10,31.116,30.685,-86382770.364,19.61,28.101
AA,unrooted,LG,tree_5,GPU_MAXREG,1,30.081,29.734,-86382770.364,19.61,27.195
AA,unrooted,LG,tree_5,GPU_MAXREG,2,30.156,29.787,-86382770.364,19.61,27.296
AA,unrooted,LG,tree_5,GPU_MAXREG,4,29.925,29.565,-86382770.364,19.61,27.077
AA,unrooted,LG,tree_5,GPU_MAXREG,9,30.165,29.799,-86382770.364,19.61,27.257
AA,unrooted,LG,tree_5,GPU_MAXREG,7,30.36,29.962,-86382770.364,19.61,27.446
AA,unrooted,LG,tree_5,GPU_MAXREG,6,29.928,29.565,-86382770.364,19.61,27.077
AA,unrooted,LG,tree_5,GPU_MAXREG,8,30.024,29.661,-86382770.364,19.61,27.179
AA,unrooted,LG,tree_5,GPU_MAXREG,5,30.278,29.908,-86382770.364,19.61,27.373
AA,unrooted,LG,tree_5,GPU_MAXREG,3,29.885,29.538,-86382770.364,19.61,27.022
AA,unrooted,LG,tree_6,GPU_MAXREG,5,30.218,29.835,-84301496.968,18.591,27.39
AA,unrooted,LG,tree_6,GPU_MAXREG,8,30.568,30.209,-84301496.968,18.591,27.659
AA,unrooted,LG,tree_6,GPU_MAXREG,6,30.447,30.053,-84301496.968,18.591,27.623
AA,unrooted,LG,tree_6,GPU_MAXREG,3,30.455,30.105,-84301496.968,18.591,27.581
AA,unrooted,LG,tree_6,GPU_MAXREG,2,30.51,30.135,-84301496.968,18.591,27.618
AA,unrooted,LG,tree_6,GPU_MAXREG,1,30.184,29.828,-84301496.968,18.591,27.373
AA,unrooted,LG,tree_6,GPU_MAXREG,10,31.415,31.045,-84301496.968,18.591,28.405
AA,unrooted,LG,tree_6,GPU_MAXREG,7,30.869,30.47,-84301496.968,18.591,27.91
AA,unrooted,LG,tree_6,GPU_MAXREG,9,30.67,30.302,-84301496.968,18.591,27.784
AA,unrooted,LG,tree_6,GPU_MAXREG,4,29.826,29.486,-84301496.968,18.591,27.045
AA,unrooted,LG,tree_7,GPU_MAXREG,2,30.356,29.993,-87134163.126,19.77,27.417
AA,unrooted,LG,tree_7,GPU_MAXREG,10,30.876,30.509,-87134163.126,19.77,27.888
AA,unrooted,LG,tree_7,GPU_MAXREG,1,30.059,29.706,-87134163.126,19.77,27.166
AA,unrooted,LG,tree_7,GPU_MAXREG,7,30.386,30.02,-87134163.126,19.77,27.471
AA,unrooted,LG,tree_7,GPU_MAXREG,9,30.203,29.841,-87134163.126,19.77,27.338
AA,unrooted,LG,tree_7,GPU_MAXREG,4,29.851,29.514,-87134163.126,19.77,27.015
AA,unrooted,LG,tree_7,GPU_MAXREG,5,29.831,29.463,-87134163.126,19.77,27.028
AA,unrooted,LG,tree_7,GPU_MAXREG,8,29.859,29.51,-87134163.126,19.77,26.999
AA,unrooted,LG,tree_7,GPU_MAXREG,6,29.845,29.481,-87134163.126,19.77,27.04
AA,unrooted,LG,tree_7,GPU_MAXREG,3,30.046,29.688,-87134163.126,19.77,27.156
DNA,unrooted,GTR,tree_1,GPU_MAXREG,1,44.482,44.11,-64343405.643,18.844,41.587
DNA,unrooted,GTR,tree_1,GPU_MAXREG,9,43.055,42.666,-64343405.643,18.844,40.287
DNA,unrooted,GTR,tree_1,GPU_MAXREG,6,42.982,42.64,-64343405.643,18.844,40.206
DNA,unrooted,GTR,tree_1,GPU_MAXREG,3,42.345,42.018,-64343405.643,18.844,39.652
DNA,unrooted,GTR,tree_1,GPU_MAXREG,4,43.021,42.692,-64343405.643,18.844,40.262
DNA,unrooted,GTR,tree_1,GPU_MAXREG,5,43.456,43.117,-64343405.643,18.844,40.696
DNA,unrooted,GTR,tree_1,GPU_MAXREG,2,43.233,42.88,-64343405.643,18.844,40.449
DNA,unrooted,GTR,tree_1,GPU_MAXREG,7,42.961,42.614,-64343405.643,18.844,40.218
DNA,unrooted,GTR,tree_1,GPU_MAXREG,10,42.964,42.627,-64343405.643,18.844,40.199
DNA,unrooted,GTR,tree_1,GPU_MAXREG,8,44.009,43.657,-64343405.643,18.844,41.184
DNA,unrooted,GTR,tree_2,GPU_MAXREG,6,48.17,47.816,-66217786.827,19.418,45.424
DNA,unrooted,GTR,tree_2,GPU_MAXREG,9,48.546,48.219,-66217786.827,19.418,45.826
DNA,unrooted,GTR,tree_2,GPU_MAXREG,1,49.736,49.388,-66217786.827,19.418,46.916
DNA,unrooted,GTR,tree_2,GPU_MAXREG,4,48.798,48.479,-66217786.827,19.418,46.053
DNA,unrooted,GTR,tree_2,GPU_MAXREG,3,47.725,47.427,-66217786.827,19.418,45.077
DNA,unrooted,GTR,tree_2,GPU_MAXREG,2,48.603,48.255,-66217786.827,19.418,45.842
DNA,unrooted,GTR,tree_2,GPU_MAXREG,5,49.124,48.794,-66217786.827,19.418,46.373
DNA,unrooted,GTR,tree_2,GPU_MAXREG,8,49.665,49.316,-66217786.827,19.418,46.834
DNA,unrooted,GTR,tree_2,GPU_MAXREG,10,48.377,48.036,-66217786.827,19.418,45.637
DNA,unrooted,GTR,tree_2,GPU_MAXREG,7,48.852,48.462,-66217786.827,19.418,46.006
DNA,unrooted,GTR,tree_3,GPU_MAXREG,7,43.05,42.732,-66775543.576,19.731,40.329
DNA,unrooted,GTR,tree_3,GPU_MAXREG,8,43.516,43.148,-66775543.576,19.731,40.69
DNA,unrooted,GTR,tree_3,GPU_MAXREG,10,43.256,42.946,-66775543.576,19.731,40.5
DNA,unrooted,GTR,tree_3,GPU_MAXREG,5,43.563,43.205,-66775543.576,19.731,40.755
DNA,unrooted,GTR,tree_3,GPU_MAXREG,2,43.751,43.398,-66775543.576,19.731,40.93
DNA,unrooted,GTR,tree_3,GPU_MAXREG,3,42.19,41.889,-66775543.576,19.731,39.55
DNA,unrooted,GTR,tree_3,GPU_MAXREG,4,43.008,42.682,-66775543.576,19.731,40.236
DNA,unrooted,GTR,tree_3,GPU_MAXREG,1,44.353,43.979,-66775543.576,19.731,41.463
DNA,unrooted,GTR,tree_3,GPU_MAXREG,9,42.751,42.424,-66775543.576,19.731,40.055
DNA,unrooted,GTR,tree_3,GPU_MAXREG,6,42.915,42.576,-66775543.576,19.731,40.218
DNA,unrooted,GTR,tree_4,GPU_MAXREG,3,58.572,58.244,-68796842.673,20.6,55.878
DNA,unrooted,GTR,tree_4,GPU_MAXREG,4,58.918,58.588,-68796842.673,20.6,56.174
DNA,unrooted,GTR,tree_4,GPU_MAXREG,9,58.843,58.513,-68796842.673,20.6,56.148
DNA,unrooted,GTR,tree_4,GPU_MAXREG,1,60.852,60.44,-68796842.673,20.6,57.974
DNA,unrooted,GTR,tree_4,GPU_MAXREG,6,58.786,58.445,-68796842.673,20.6,56.026
DNA,unrooted,GTR,tree_4,GPU_MAXREG,7,58.615,58.278,-68796842.673,20.6,55.906
DNA,unrooted,GTR,tree_4,GPU_MAXREG,8,60.196,59.794,-68796842.673,20.6,57.355
DNA,unrooted,GTR,tree_4,GPU_MAXREG,10,59.063,58.751,-68796842.673,20.6,56.354
DNA,unrooted,GTR,tree_4,GPU_MAXREG,5,60.228,59.877,-68796842.673,20.6,57.45
DNA,unrooted,GTR,tree_4,GPU_MAXREG,2,59.839,59.5,-68796842.673,20.6,57.084
DNA,unrooted,GTR,tree_5,GPU_MAXREG,2,48.844,48.421,-68054876.562,20.138,46.063
DNA,unrooted,GTR,tree_5,GPU_MAXREG,5,49.133,48.771,-68054876.562,20.138,46.338
DNA,unrooted,GTR,tree_5,GPU_MAXREG,8,49.728,49.38,-68054876.562,20.138,46.84
DNA,unrooted,GTR,tree_5,GPU_MAXREG,10,48.333,48.015,-68054876.562,20.138,45.629
DNA,unrooted,GTR,tree_5,GPU_MAXREG,7,48.133,47.808,-68054876.562,20.138,45.452
DNA,unrooted,GTR,tree_5,GPU_MAXREG,6,49.024,48.688,-68054876.562,20.138,46.207
DNA,unrooted,GTR,tree_5,GPU_MAXREG,1,49.641,49.293,-68054876.562,20.138,46.828
DNA,unrooted,GTR,tree_5,GPU_MAXREG,9,48.194,47.872,-68054876.562,20.138,45.508
DNA,unrooted,GTR,tree_5,GPU_MAXREG,4,49.027,48.7,-68054876.562,20.138,46.226
DNA,unrooted,GTR,tree_5,GPU_MAXREG,3,47.813,47.515,-68054876.562,20.138,45.164
AA,unrooted,LG,tree_1,GPU_TIP_STATE,5,18.44,18.104,-88901422.374,19.949,15.602
AA,unrooted,LG,tree_1,GPU_TIP_STATE,10,18.473,18.122,-88901422.374,19.949,15.614
AA,unrooted,LG,tree_1,GPU_TIP_STATE,6,18.516,18.182,-88901422.374,19.949,15.603
AA,unrooted,LG,tree_1,GPU_TIP_STATE,8,18.409,18.08,-88901422.374,19.949,15.562
AA,unrooted,LG,tree_1,GPU_TIP_STATE,3,18.524,18.094,-88901422.374,19.949,15.572
AA,unrooted,LG,tree_1,GPU_TIP_STATE,2,18.545,18.191,-88901422.374,19.949,15.632
AA,unrooted,LG,tree_1,GPU_TIP_STATE,1,18.54,18.129,-88901422.374,19.949,15.597
AA,unrooted,LG,tree_1,GPU_TIP_STATE,9,18.369,18.045,-88901422.374,19.949,15.596
AA,unrooted,LG,tree_1,GPU_TIP_STATE,7,18.443,18.103,-88901422.374,19.949,15.582
AA,unrooted,LG,tree_1,GPU_TIP_STATE,4,18.423,18.061,-88901422.374,19.949,15.559
AA,unrooted,LG,tree_10,GPU_TIP_STATE,6,18.457,18.115,-86714228.485,19.208,15.566
AA,unrooted,LG,tree_10,GPU_TIP_STATE,9,18.44,18.068,-86714228.485,19.208,15.57
AA,unrooted,LG,tree_10,GPU_TIP_STATE,1,18.468,18.106,-86714228.485,19.208,15.537
AA,unrooted,LG,tree_10,GPU_TIP_STATE,8,18.418,18.058,-86714228.485,19.208,15.55
AA,unrooted,LG,tree_10,GPU_TIP_STATE,7,18.343,18.001,-86714228.485,19.208,15.533
AA,unrooted,LG,tree_10,GPU_TIP_STATE,3,18.299,17.948,-86714228.485,19.208,15.549
AA,unrooted,LG,tree_10,GPU_TIP_STATE,4,18.356,18.01,-86714228.485,19.208,15.547
AA,unrooted,LG,tree_10,GPU_TIP_STATE,2,18.493,18.135,-86714228.485,19.208,15.585
AA,unrooted,LG,tree_10,GPU_TIP_STATE,5,18.39,17.991,-86714228.485,19.208,15.556
AA,unrooted,LG,tree_2,GPU_TIP_STATE,1,15.098,14.728,-90504713.177,20.312,12.172
AA,unrooted,LG,tree_2,GPU_TIP_STATE,2,15.042,14.702,-90504713.177,20.312,12.183
AA,unrooted,LG,tree_2,GPU_TIP_STATE,4,15.049,14.655,-90504713.177,20.312,12.144
AA,unrooted,LG,tree_2,GPU_TIP_STATE,7,14.975,14.647,-90504713.177,20.312,12.139
AA,unrooted,LG,tree_2,GPU_TIP_STATE,9,14.97,14.608,-90504713.177,20.312,12.138
AA,unrooted,LG,tree_2,GPU_TIP_STATE,8,15.0,14.654,-90504713.177,20.312,12.139
AA,unrooted,LG,tree_2,GPU_TIP_STATE,6,15.012,14.681,-90504713.177,20.312,12.158
AA,unrooted,LG,tree_2,GPU_TIP_STATE,10,15.156,14.783,-90504713.177,20.312,12.189
AA,unrooted,LG,tree_2,GPU_TIP_STATE,5,15.008,14.674,-90504713.177,20.312,12.156
AA,unrooted,LG,tree_2,GPU_TIP_STATE,3,15.072,14.697,-90504713.177,20.312,12.161
AA,unrooted,LG,tree_3,GPU_TIP_STATE,8,18.328,17.957,-87357001.171,19.421,15.455
AA,unrooted,LG,tree_3,GPU_TIP_STATE,6,18.345,18.017,-87357001.171,19.421,15.483
AA,unrooted,LG,tree_3,GPU_TIP_STATE,10,18.414,18.033,-87357001.171,19.421,15.504
AA,unrooted,LG,tree_3,GPU_TIP_STATE,5,18.302,17.972,-87357001.171,19.421,15.473
AA,unrooted,LG,tree_3,GPU_TIP_STATE,3,18.345,17.995,-87357001.171,19.421,15.469
AA,unrooted,LG,tree_3,GPU_TIP_STATE,1,18.42,18.039,-87357001.171,19.421,15.479
AA,unrooted,LG,tree_3,GPU_TIP_STATE,2,18.421,18.066,-87357001.171,19.421,15.507
AA,unrooted,LG,tree_3,GPU_TIP_STATE,4,18.342,17.993,-87357001.171,19.421,15.47
AA,unrooted,LG,tree_3,GPU_TIP_STATE,7,18.297,17.968,-87357001.171,19.421,15.449
AA,unrooted,LG,tree_3,GPU_TIP_STATE,9,18.328,17.951,-87357001.171,19.421,15.452
AA,unrooted,LG,tree_4,GPU_TIP_STATE,7,18.351,18.025,-87712627.079,20.39,15.529
AA,unrooted,LG,tree_4,GPU_TIP_STATE,9,18.385,17.998,-87712627.079,20.39,15.604
AA,unrooted,LG,tree_4,GPU_TIP_STATE,4,18.407,18.051,-87712627.079,20.39,15.576
AA,unrooted,LG,tree_4,GPU_TIP_STATE,2,18.502,18.142,-87712627.079,20.39,15.599
AA,unrooted,LG,tree_4,GPU_TIP_STATE,1,18.516,18.124,-87712627.079,20.39,15.558
AA,unrooted,LG,tree_4,GPU_TIP_STATE,3,18.454,18.092,-87712627.079,20.39,15.557
AA,unrooted,LG,tree_4,GPU_TIP_STATE,10,18.531,18.153,-87712627.079,20.39,15.596
AA,unrooted,LG,tree_4,GPU_TIP_STATE,5,18.437,18.084,-87712627.079,20.39,15.552
AA,unrooted,LG,tree_4,GPU_TIP_STATE,8,18.402,18.056,-87712627.079,20.39,15.53
AA,unrooted,LG,tree_4,GPU_TIP_STATE,6,18.491,18.147,-87712627.079,20.39,15.563
AA,unrooted,LG,tree_5,GPU_TIP_STATE,3,18.228,17.828,-86382770.364,19.61,15.285
AA,unrooted,LG,tree_5,GPU_TIP_STATE,10,18.26,17.901,-86382770.364,19.61,15.313
AA,unrooted,LG,tree_5,GPU_TIP_STATE,5,18.184,17.789,-86382770.364,19.61,15.279
AA,unrooted,LG,tree_5,GPU_TIP_STATE,8,18.127,17.782,-86382770.364,19.61,15.268
AA,unrooted,LG,tree_5,GPU_TIP_STATE,6,18.134,17.805,-86382770.364,19.61,15.302
AA,unrooted,LG,tree_5,GPU_TIP_STATE,7,18.099,17.775,-86382770.364,19.61,15.261
AA,unrooted,LG,tree_5,GPU_TIP_STATE,9,18.168,17.803,-86382770.364,19.61,15.31
AA,unrooted,LG,tree_5,GPU_TIP_STATE,4,18.142,17.798,-86382770.364,19.61,15.294
AA,unrooted,LG,tree_5,GPU_TIP_STATE,2,18.209,17.864,-86382770.364,19.61,15.315
AA,unrooted,LG,tree_5,GPU_TIP_STATE,1,18.275,17.886,-86382770.364,19.61,15.304
AA,unrooted,LG,tree_6,GPU_TIP_STATE,4,18.163,17.824,-84301496.968,18.591,15.377
AA,unrooted,LG,tree_6,GPU_TIP_STATE,9,18.287,17.914,-84301496.968,18.591,15.396
AA,unrooted,LG,tree_6,GPU_TIP_STATE,7,18.12,17.754,-84301496.968,18.591,15.332
AA,unrooted,LG,tree_6,GPU_TIP_STATE,1,18.344,17.956,-84301496.968,18.591,15.372
AA,unrooted,LG,tree_6,GPU_TIP_STATE,2,18.299,17.94,-84301496.968,18.591,15.407
AA,unrooted,LG,tree_6,GPU_TIP_STATE,3,18.199,17.861,-84301496.968,18.591,15.35
AA,unrooted,LG,tree_6,GPU_TIP_STATE,6,18.249,17.921,-84301496.968,18.591,15.388
AA,unrooted,LG,tree_6,GPU_TIP_STATE,8,18.261,17.888,-84301496.968,18.591,15.348
AA,unrooted,LG,tree_6,GPU_TIP_STATE,5,18.268,17.917,-84301496.968,18.591,15.377
AA,unrooted,LG,tree_6,GPU_TIP_STATE,10,18.35,17.953,-84301496.968,18.591,15.408
AA,unrooted,LG,tree_7,GPU_TIP_STATE,3,18.232,17.894,-87134163.126,19.77,15.368
AA,unrooted,LG,tree_7,GPU_TIP_STATE,6,18.233,17.907,-87134163.126,19.77,15.377
AA,unrooted,LG,tree_7,GPU_TIP_STATE,8,18.178,17.85,-87134163.126,19.77,15.345
AA,unrooted,LG,tree_7,GPU_TIP_STATE,5,18.222,17.876,-87134163.126,19.77,15.367
AA,unrooted,LG,tree_7,GPU_TIP_STATE,10,18.303,17.947,-87134163.126,19.77,15.395
AA,unrooted,LG,tree_7,GPU_TIP_STATE,4,18.167,17.828,-87134163.126,19.77,15.365
AA,unrooted,LG,tree_7,GPU_TIP_STATE,9,18.137,17.754,-87134163.126,19.77,15.376
AA,unrooted,LG,tree_7,GPU_TIP_STATE,7,18.174,17.833,-87134163.126,19.77,15.34
AA,unrooted,LG,tree_7,GPU_TIP_STATE,1,18.31,17.901,-87134163.126,19.77,15.373
AA,unrooted,LG,tree_7,GPU_TIP_STATE,2,18.254,17.911,-87134163.126,19.77,15.397
AA,unrooted,LG,tree_8,GPU_TIP_STATE,2,18.355,18.01,-81931521.002,18.249,15.442
AA,unrooted,LG,tree_8,GPU_TIP_STATE,1,18.251,17.881,-81931521.002,18.249,15.406
AA,unrooted,LG,tree_8,GPU_TIP_STATE,7,18.187,17.821,-81931521.002,18.249,15.43
AA,unrooted,LG,tree_8,GPU_TIP_STATE,9,18.286,17.946,-81931521.002,18.249,15.439
AA,unrooted,LG,tree_8,GPU_TIP_STATE,4,18.282,17.917,-81931521.002,18.249,15.421
AA,unrooted,LG,tree_8,GPU_TIP_STATE,10,18.405,18.045,-81931521.002,18.249,15.442
AA,unrooted,LG,tree_8,GPU_TIP_STATE,5,18.249,17.913,-81931521.002,18.249,15.397
AA,unrooted,LG,tree_8,GPU_TIP_STATE,8,18.155,17.783,-81931521.002,18.249,15.391
AA,unrooted,LG,tree_8,GPU_TIP_STATE,6,18.321,17.995,-81931521.002,18.249,15.44
AA,unrooted,LG,tree_8,GPU_TIP_STATE,3,18.313,17.966,-81931521.002,18.249,15.418
AA,unrooted,LG,tree_9,GPU_TIP_STATE,10,15.214,14.835,-82340194.25,18.008,12.249
AA,unrooted,LG,tree_9,GPU_TIP_STATE,5,15.089,14.758,-82340194.25,18.008,12.256
AA,unrooted,LG,tree_9,GPU_TIP_STATE,8,15.091,14.759,-82340194.25,18.008,12.242
AA,unrooted,LG,tree_9,GPU_TIP_STATE,6,15.236,14.852,-82340194.25,18.008,12.271
AA,unrooted,LG,tree_9,GPU_TIP_STATE,3,15.037,14.692,-82340194.25,18.008,12.255
AA,unrooted,LG,tree_9,GPU_TIP_STATE,2,15.21,14.83,-82340194.25,18.008,12.281
AA,unrooted,LG,tree_9,GPU_TIP_STATE,1,15.226,14.849,-82340194.25,18.008,12.274
AA,unrooted,LG,tree_9,GPU_TIP_STATE,7,15.059,14.733,-82340194.25,18.008,12.236
AA,unrooted,LG,tree_9,GPU_TIP_STATE,9,15.07,14.743,-82340194.25,18.008,12.265
AA,unrooted,LG,tree_9,GPU_TIP_STATE,4,15.117,14.772,-82340194.25,18.008,12.267
DNA,unrooted,GTR,tree_1,GPU_TIP_STATE,9,21.677,21.313,-64343405.643,18.844,18.777
DNA,unrooted,GTR,tree_1,GPU_TIP_STATE,10,21.489,21.174,-64343405.643,18.844,18.695
DNA,unrooted,GTR,tree_1,GPU_TIP_STATE,1,21.511,21.174,-64343405.643,18.844,18.711
DNA,unrooted,GTR,tree_1,GPU_TIP_STATE,6,21.48,21.125,-64343405.643,18.844,18.708
DNA,unrooted,GTR,tree_1,GPU_TIP_STATE,3,21.594,21.257,-64343405.643,18.844,18.742
DNA,unrooted,GTR,tree_1,GPU_TIP_STATE,4,21.544,21.237,-64343405.643,18.844,18.745
DNA,unrooted,GTR,tree_1,GPU_TIP_STATE,5,21.696,21.315,-64343405.643,18.844,18.757
DNA,unrooted,GTR,tree_1,GPU_TIP_STATE,2,21.613,21.273,-64343405.643,18.844,18.745
DNA,unrooted,GTR,tree_1,GPU_TIP_STATE,7,21.447,21.134,-64343405.643,18.844,18.706
DNA,unrooted,GTR,tree_1,GPU_TIP_STATE,8,21.509,21.202,-64343405.643,18.844,18.742
DNA,unrooted,GTR,tree_2,GPU_TIP_STATE,6,23.504,23.203,-66217786.827,19.418,20.821
DNA,unrooted,GTR,tree_2,GPU_TIP_STATE,1,23.695,23.347,-66217786.827,19.418,20.884
DNA,unrooted,GTR,tree_2,GPU_TIP_STATE,9,23.773,23.415,-66217786.827,19.418,20.897
DNA,unrooted,GTR,tree_2,GPU_TIP_STATE,10,23.719,23.382,-66217786.827,19.418,20.861
DNA,unrooted,GTR,tree_2,GPU_TIP_STATE,4,23.698,23.353,-66217786.827,19.418,20.884
DNA,unrooted,GTR,tree_2,GPU_TIP_STATE,3,23.655,23.344,-66217786.827,19.418,20.893
DNA,unrooted,GTR,tree_2,GPU_TIP_STATE,2,23.678,23.34,-66217786.827,19.418,20.896
DNA,unrooted,GTR,tree_2,GPU_TIP_STATE,5,23.802,23.463,-66217786.827,19.418,20.913
DNA,unrooted,GTR,tree_2,GPU_TIP_STATE,8,23.68,23.347,-66217786.827,19.418,20.889
DNA,unrooted,GTR,tree_2,GPU_TIP_STATE,7,23.587,23.27,-66217786.827,19.418,20.861
DNA,unrooted,GTR,tree_3,GPU_TIP_STATE,7,21.217,20.892,-66775543.576,19.731,18.474
DNA,unrooted,GTR,tree_3,GPU_TIP_STATE,8,21.328,21.007,-66775543.576,19.731,18.509
DNA,unrooted,GTR,tree_3,GPU_TIP_STATE,5,21.336,21.02,-66775543.576,19.731,18.507
DNA,unrooted,GTR,tree_3,GPU_TIP_STATE,2,21.385,21.051,-66775543.576,19.731,18.516
DNA,unrooted,GTR,tree_3,GPU_TIP_STATE,3,21.347,21.016,-66775543.576,19.731,18.522
DNA,unrooted,GTR,tree_3,GPU_TIP_STATE,4,21.309,20.978,-66775543.576,19.731,18.513
DNA,unrooted,GTR,tree_3,GPU_TIP_STATE,9,21.39,21.037,-66775543.576,19.731,18.517
DNA,unrooted,GTR,tree_3,GPU_TIP_STATE,10,21.277,20.953,-66775543.576,19.731,18.485
DNA,unrooted,GTR,tree_3,GPU_TIP_STATE,1,21.284,20.941,-66775543.576,19.731,18.505
DNA,unrooted,GTR,tree_3,GPU_TIP_STATE,6,21.213,20.896,-66775543.576,19.731,18.468
DNA,unrooted,GTR,tree_4,GPU_TIP_STATE,3,28.433,28.099,-68796842.673,20.6,25.639
DNA,unrooted,GTR,tree_4,GPU_TIP_STATE,4,28.413,28.082,-68796842.673,20.6,25.627
DNA,unrooted,GTR,tree_4,GPU_TIP_STATE,1,28.337,27.995,-68796842.673,20.6,25.63
DNA,unrooted,GTR,tree_4,GPU_TIP_STATE,10,28.378,28.046,-68796842.673,20.6,25.595
DNA,unrooted,GTR,tree_4,GPU_TIP_STATE,9,28.497,28.152,-68796842.673,20.6,25.611
DNA,unrooted,GTR,tree_4,GPU_TIP_STATE,6,28.341,28.018,-68796842.673,20.6,25.621
DNA,unrooted,GTR,tree_4,GPU_TIP_STATE,7,29.088,27.989,-68796842.673,20.6,25.584
DNA,unrooted,GTR,tree_4,GPU_TIP_STATE,8,28.365,28.045,-68796842.673,20.6,25.615
DNA,unrooted,GTR,tree_4,GPU_TIP_STATE,5,28.53,28.13,-68796842.673,20.6,25.63
DNA,unrooted,GTR,tree_4,GPU_TIP_STATE,2,28.401,28.023,-68796842.673,20.6,25.605
DNA,unrooted,GTR,tree_5,GPU_TIP_STATE,2,23.504,23.138,-68054876.562,20.138,20.651
DNA,unrooted,GTR,tree_5,GPU_TIP_STATE,5,23.49,23.166,-68054876.562,20.138,20.66
DNA,unrooted,GTR,tree_5,GPU_TIP_STATE,8,23.436,23.109,-68054876.562,20.138,20.661
DNA,unrooted,GTR,tree_5,GPU_TIP_STATE,7,23.347,23.028,-68054876.562,20.138,20.612
DNA,unrooted,GTR,tree_5,GPU_TIP_STATE,6,23.332,23.013,-68054876.562,20.138,20.591
DNA,unrooted,GTR,tree_5,GPU_TIP_STATE,10,23.449,23.125,-68054876.562,20.138,20.628
DNA,unrooted,GTR,tree_5,GPU_TIP_STATE,9,23.493,23.168,-68054876.562,20.138,20.646
DNA,unrooted,GTR,tree_5,GPU_TIP_STATE,1,23.346,23.021,-68054876.562,20.138,20.643
DNA,unrooted,GTR,tree_5,GPU_TIP_STATE,4,23.451,23.122,-68054876.562,20.138,20.637
DNA,unrooted,GTR,tree_5,GPU_TIP_STATE,3,23.543,23.213,-68054876.562,20.138,20.671
DNA,unrooted,GTR,tree_6,GPU_TIP_STATE,5,26.693,26.354,-62743967.673,17.749,23.813
DNA,unrooted,GTR,tree_6,GPU_TIP_STATE,2,26.617,26.3,-62743967.673,17.749,23.849
DNA,unrooted,GTR,tree_6,GPU_TIP_STATE,7,26.553,26.236,-62743967.673,17.749,23.796
DNA,unrooted,GTR,tree_6,GPU_TIP_STATE,8,26.742,26.402,-62743967.673,17.749,23.844
DNA,unrooted,GTR,tree_6,GPU_TIP_STATE,1,26.527,26.151,-62743967.673,17.749,23.8
DNA,unrooted,GTR,tree_6,GPU_TIP_STATE,10,26.599,26.26,-62743967.673,17.749,23.769
DNA,unrooted,GTR,tree_6,GPU_TIP_STATE,9,26.687,26.357,-62743967.673,17.749,23.824
DNA,unrooted,GTR,tree_6,GPU_TIP_STATE,6,26.475,26.177,-62743967.673,17.749,23.775
DNA,unrooted,GTR,tree_6,GPU_TIP_STATE,3,26.614,26.299,-62743967.673,17.749,23.833
DNA,unrooted,GTR,tree_6,GPU_TIP_STATE,4,26.636,26.3,-62743967.673,17.749,23.827
DNA,unrooted,GTR,tree_7,GPU_TIP_STATE,4,23.606,23.248,-67994364.745,19.714,20.781
DNA,unrooted,GTR,tree_7,GPU_TIP_STATE,3,23.569,23.234,-67994364.745,19.714,20.77
DNA,unrooted,GTR,tree_7,GPU_TIP_STATE,6,23.53,23.19,-67994364.745,19.714,20.731
DNA,unrooted,GTR,tree_7,GPU_TIP_STATE,10,23.604,23.271,-67994364.745,19.714,20.758
DNA,unrooted,GTR,tree_7,GPU_TIP_STATE,9,23.68,23.334,-67994364.745,19.714,20.774
DNA,unrooted,GTR,tree_7,GPU_TIP_STATE,1,23.48,23.145,-67994364.745,19.714,20.795
DNA,unrooted,GTR,tree_7,GPU_TIP_STATE,8,23.58,23.258,-67994364.745,19.714,20.768
DNA,unrooted,GTR,tree_7,GPU_TIP_STATE,7,23.472,23.156,-67994364.745,19.714,20.752
DNA,unrooted,GTR,tree_7,GPU_TIP_STATE,2,23.54,23.22,-67994364.745,19.714,20.779
DNA,unrooted,GTR,tree_7,GPU_TIP_STATE,5,23.636,23.289,-67994364.745,19.714,20.792
DNA,unrooted,GTR,tree_8,GPU_TIP_STATE,2,31.743,31.409,-67533437.34,19.722,28.938
DNA,unrooted,GTR,tree_8,GPU_TIP_STATE,5,31.858,31.449,-67533437.34,19.722,28.955
DNA,unrooted,GTR,tree_8,GPU_TIP_STATE,8,31.725,31.383,-67533437.34,19.722,28.936
DNA,unrooted,GTR,tree_8,GPU_TIP_STATE,7,31.67,31.366,-67533437.34,19.722,28.919
DNA,unrooted,GTR,tree_8,GPU_TIP_STATE,6,31.66,31.334,-67533437.34,19.722,28.907
DNA,unrooted,GTR,tree_8,GPU_TIP_STATE,10,31.783,31.429,-67533437.34,19.722,28.901
DNA,unrooted,GTR,tree_8,GPU_TIP_STATE,9,31.857,31.509,-67533437.34,19.722,28.947
DNA,unrooted,GTR,tree_8,GPU_TIP_STATE,1,31.661,31.363,-67533437.34,19.722,28.93
DNA,unrooted,GTR,tree_8,GPU_TIP_STATE,4,31.761,31.397,-67533437.34,19.722,28.945
DNA,unrooted,GTR,tree_8,GPU_TIP_STATE,3,31.823,31.484,-67533437.34,19.722,28.953
